,transaction_id,cust_id,tran_date,prod_subcat_code,prod_cat_code,Qty,Rate,Tax,total_amt,Store_type
0,80712190438,270351,28-02-2019,1,1,-5,-772,405.3,-4265.3,e-Shop
1,29258453508,270384,27-02-2019,5,3,-5,-1497,785.925,-8270.925,e-Shop
2,51750724947,273420,24-02-2019,6,5,-2,-791,166.11,-1748.11,TeleShop
3,93274880719,271509,24-02-2019,11,6,-3,-1363,429.345,-4518.345,e-Shop
4,51750724947,273420,23-02-2019,6,5,-2,-791,166.11,-1748.11,TeleShop
5,97439039119,272357,23-02-2019,8,3,-2,-824,173.04,-1821.04,TeleShop
6,45649838090,273667,22-02-2019,11,6,-1,-1450,152.25,-1602.25,e-Shop
7,22643667930,271489,22-02-2019,12,6,-1,-1225,128.625,-1353.625,TeleShop
8,79792372943,275108,22-02-2019,3,1,-3,-908,286.02,-3010.02,MBR
9,50076728598,269014,21-02-2019,8,3,-4,-581,244.02,-2568.02,e-Shop
10,29258453508,270384,20-02-2019,5,3,5,1497,785.925,8270.925,e-Shop
11,25455265351,267750,20-02-2019,12,6,3,1360,428.4,4508.4,e-Shop
12,1571002198,275023,20-02-2019,6,5,4,587,246.54,2594.54,e-Shop
13,43134751727,268487,20-02-2019,3,2,-1,-611,64.155,-675.155,e-Shop
14,36554696014,269345,20-02-2019,3,5,3,1253,394.695,4153.695,e-Shop
15,56814940239,268799,20-02-2019,7,5,5,368,193.2,2033.2,e-Shop
16,54295803788,270787,20-02-2019,12,5,5,584,306.6,3226.6,e-Shop
17,25963520987,274829,20-02-2019,4,4,3,502,158.13,1664.13,Flagship store
18,17183929085,266863,20-02-2019,1,2,1,1359,142.695,1501.695,TeleShop
19,44783317894,269452,20-02-2019,3,1,3,825,259.875,2734.875,TeleShop
20,58957828601,269009,20-02-2019,11,5,4,846,355.32,3739.32,TeleShop
21,9647515879,268934,20-02-2019,7,5,3,1384,435.96,4587.96,TeleShop
22,20781077773,269223,20-02-2019,5,3,3,1203,378.945,3987.945,TeleShop
23,91116291703,268509,20-02-2019,1,2,4,1243,522.06,5494.06,MBR
24,68325723297,268516,20-02-2019,9,3,1,877,92.085,969.085,e-Shop
25,73235813024,268774,20-02-2019,3,5,1,76,7.98,83.98,TeleShop
26,80712190438,270351,20-02-2019,1,1,5,772,405.3,4265.3,e-Shop
27,66989395597,272785,20-02-2019,10,3,2,474,99.54,1047.54,TeleShop
28,88853694830,268444,20-02-2019,4,4,-3,-80,25.2,-265.2,MBR
29,99581788104,267466,20-02-2019,3,2,1,96,10.08,106.08,Flagship store
30,28396777609,269101,19-02-2019,4,1,4,1386,582.12,6126.12,TeleShop
31,22391667321,270842,19-02-2019,1,2,5,723,379.575,3994.575,MBR
32,51075317246,274987,19-02-2019,10,6,5,374,196.35,2066.35,MBR
33,16199275450,275139,19-02-2019,4,2,1,173,18.165,191.165,MBR
34,22698449434,269136,19-02-2019,7,5,5,189,99.225,1044.225,TeleShop
35,13167171971,275149,19-02-2019,4,3,4,804,337.68,3553.68,MBR
36,32130400636,269772,19-02-2019,12,6,3,229,72.135,759.135,e-Shop
37,31384765864,267058,19-02-2019,3,2,1,793,83.265,876.265,e-Shop
38,85894118953,271817,19-02-2019,3,2,3,1401,441.315,4644.315,e-Shop
39,63407734630,271322,19-02-2019,3,2,5,1360,714.0,7514.0,Flagship store
40,90740728864,268229,19-02-2019,4,2,5,984,516.6,5436.6,TeleShop
41,82750983847,267544,19-02-2019,3,5,1,805,84.525,889.525,Flagship store
42,67328698675,268755,19-02-2019,3,2,1,1018,106.89,1124.89,Flagship store
43,80381707658,269407,19-02-2019,6,5,5,573,300.825,3165.825,e-Shop
44,78709566028,273023,19-02-2019,10,6,2,1052,220.92,2324.92,e-Shop
45,67079812295,271818,19-02-2019,10,3,2,1408,295.68,3111.68,MBR
46,72427583709,268129,19-02-2019,4,4,1,885,92.925,977.925,Flagship store
47,14259136777,274477,18-02-2019,10,3,1,1489,156.345,1645.345,TeleShop
48,7313351894,267568,18-02-2019,2,6,4,481,202.02,2126.02,Flagship store
49,37745642681,267098,18-02-2019,1,2,1,109,11.445,120.445,Flagship store
50,13861409908,271608,18-02-2019,1,2,2,1352,283.92,2987.92,MBR
51,58956348529,272484,18-02-2019,4,1,4,1443,606.06,6378.06,TeleShop
52,58886320392,268715,18-02-2019,10,6,2,768,161.28,1697.28,Flagship store
53,53081075361,273250,18-02-2019,11,6,5,1345,706.125,7431.125,Flagship store
54,10017543415,267097,18-02-2019,3,5,1,164,17.22,181.22,Flagship store
55,34065279733,274562,18-02-2019,6,5,2,280,58.8,618.8,e-Shop
56,58223423237,268138,18-02-2019,6,5,-3,-1398,440.37,-4634.37,e-Shop
57,74085729167,268492,18-02-2019,3,5,3,433,136.395,1435.395,e-Shop
58,83498320600,273359,18-02-2019,4,1,4,861,361.62,3805.62,e-Shop
59,83313344780,271288,18-02-2019,4,3,2,84,17.64,185.64,Flagship store
60,96923177403,270778,18-02-2019,11,6,5,1111,583.275,6138.275,MBR
61,78091789730,271030,18-02-2019,4,1,1,380,39.9,419.9,e-Shop
62,84466140532,274426,18-02-2019,6,5,5,423,222.075,2337.075,e-Shop
63,59232461135,269019,17-02-2019,4,2,2,479,100.59,1058.59,Flagship store
64,58223423237,268138,17-02-2019,6,5,3,1398,440.37,4634.37,e-Shop
65,60560888204,271250,17-02-2019,10,6,2,707,148.47,1562.47,Flagship store
66,22643667930,271489,17-02-2019,12,6,1,1225,128.625,1353.625,TeleShop
67,12161898302,274402,17-02-2019,1,2,-1,-891,93.555,-984.555,TeleShop
68,43561027610,270244,17-02-2019,8,3,1,728,76.44,804.44,e-Shop
69,40604748560,269387,17-02-2019,6,5,5,760,399.0,4199.0,Flagship store
70,8868056339,268145,17-02-2019,2,6,-2,-152,31.92,-335.92,e-Shop
71,78600072636,273067,17-02-2019,9,3,3,446,140.49,1478.49,TeleShop
72,79792372943,275108,17-02-2019,3,1,3,908,286.02,3010.02,MBR
73,94418788162,267559,17-02-2019,10,6,1,620,65.1,685.1,TeleShop
74,86635642295,271763,17-02-2019,12,6,5,562,295.05,3105.05,Flagship store
75,75980673312,270678,17-02-2019,7,5,4,1377,578.34,6086.34,TeleShop
76,88830495604,269018,17-02-2019,10,6,4,307,128.94,1356.94,MBR
77,19729968655,269162,16-02-2019,10,5,2,721,151.41,1593.41,e-Shop
78,8709975598,269867,16-02-2019,11,5,3,1243,391.545,4120.545,e-Shop
79,56483064719,270108,16-02-2019,4,3,2,1037,217.77,2291.77,e-Shop
80,55452156634,273734,16-02-2019,3,5,5,778,408.45,4298.45,e-Shop
81,22461440770,270294,16-02-2019,4,3,5,1060,556.5,5856.5,e-Shop
82,4067131912,274014,16-02-2019,3,5,4,332,139.44,1467.44,e-Shop
83,59201497276,273506,16-02-2019,12,6,3,537,169.155,1780.155,MBR
84,51750724947,273420,16-02-2019,6,5,2,791,166.11,1748.11,TeleShop
85,45848212352,268592,16-02-2019,1,2,3,1029,324.135,3411.135,TeleShop
86,79449440045,271561,16-02-2019,8,3,4,498,209.16,2201.16,e-Shop
87,83108241933,273896,16-02-2019,4,1,2,574,120.54,1268.54,e-Shop
88,84867095544,267360,16-02-2019,8,3,3,674,212.31,2234.31,e-Shop
89,92825360774,267072,16-02-2019,1,2,5,803,421.575,4436.575,e-Shop
90,76990911956,270148,16-02-2019,4,3,4,448,188.16,1980.16,Flagship store
91,93274880719,271509,16-02-2019,11,6,3,1363,429.345,4518.345,e-Shop
92,86612653865,274813,16-02-2019,2,6,3,1271,400.365,4213.365,e-Shop
93,10262222991,272069,15-02-2019,7,5,3,1462,460.53,4846.53,e-Shop
94,34544863855,269388,15-02-2019,11,6,2,922,193.62,2037.62,Flagship store
95,22781866776,271875,15-02-2019,2,6,4,428,179.76,1891.76,TeleShop
96,4449802598,271355,15-02-2019,12,6,4,999,419.58,4415.58,TeleShop
97,3530523263,272777,15-02-2019,10,6,2,582,122.22,1286.22,MBR
98,8433718881,271912,15-02-2019,11,6,2,1438,301.98,3177.98,MBR
99,21494029219,268052,15-02-2019,4,2,4,228,95.76,1007.76,e-Shop
100,56419730266,268772,15-02-2019,11,5,1,1213,127.365,1340.365,e-Shop
101,50076728598,269014,15-02-2019,8,3,4,581,244.02,2568.02,e-Shop
102,35243275448,273075,15-02-2019,2,6,4,1168,490.56,5162.56,TeleShop
103,10942311291,271297,15-02-2019,3,1,2,756,158.76,1670.76,Flagship store
104,63352996926,272145,15-02-2019,5,3,4,1342,563.64,5931.64,Flagship store
105,73713102191,268867,15-02-2019,1,1,1,714,74.97,788.97,MBR
106,70043127245,271595,15-02-2019,8,3,1,1461,153.405,1614.405,TeleShop
107,85713951101,274609,15-02-2019,12,5,5,968,508.2,5348.2,TeleShop
108,82975337804,272529,15-02-2019,4,4,4,869,364.98,3840.98,Flagship store
109,84116465142,271368,15-02-2019,10,5,5,788,413.7,4353.7,MBR
110,62672834763,268855,14-02-2019,4,3,3,1363,429.345,4518.345,e-Shop
111,57134739558,270625,14-02-2019,1,1,5,595,312.375,3287.375,TeleShop
112,57112244235,268076,14-02-2019,10,3,4,167,70.14,738.14,Flagship store
113,6993051511,271658,14-02-2019,11,6,2,476,99.96,1051.96,e-Shop
114,28621201753,271310,14-02-2019,10,6,-4,-219,91.98,-967.98,e-Shop
115,2934877504,271859,14-02-2019,3,2,4,1274,535.08,5631.08,Flagship store
116,56835507985,271744,14-02-2019,6,5,4,378,158.76,1670.76,MBR
117,31183475305,273474,14-02-2019,9,3,2,706,148.26,1560.26,e-Shop
118,50177628799,273763,14-02-2019,4,2,3,803,252.945,2661.945,MBR
119,30489975482,274689,14-02-2019,10,3,4,1002,420.84,4428.84,MBR
120,85198716539,269275,14-02-2019,10,3,1,96,10.08,106.08,TeleShop
121,85284647047,271924,14-02-2019,2,6,2,367,77.07,811.07,Flagship store
122,92809340294,271061,14-02-2019,4,3,3,1004,316.26,3328.26,e-Shop
123,81262483026,268956,14-02-2019,9,3,4,700,294.0,3094.0,TeleShop
124,99503089534,274266,14-02-2019,8,3,1,1370,143.85,1513.85,Flagship store
125,88321457472,269907,14-02-2019,10,3,5,621,326.025,3431.025,e-Shop
126,75927432534,267500,14-02-2019,1,4,2,845,177.45,1867.45,e-Shop
127,70614782851,269140,14-02-2019,2,6,4,342,143.64,1511.64,TeleShop
128,64655688681,268136,14-02-2019,1,4,5,153,80.325,845.325,TeleShop
129,16952157158,271493,13-02-2019,4,4,2,1200,252.0,2652.0,e-Shop
130,7719443790,271312,13-02-2019,10,3,4,1135,476.7,5016.7,e-Shop
131,58500805392,267375,13-02-2019,4,4,3,85,26.775,281.775,TeleShop
132,6801834681,273174,13-02-2019,4,1,1,642,67.41,709.41,Flagship store
133,10655853079,267375,13-02-2019,6,5,4,1486,624.12,6568.12,TeleShop
134,21685086436,274152,13-02-2019,2,6,3,765,240.975,2535.975,Flagship store
135,36041524849,274408,13-02-2019,3,5,3,771,242.865,2555.865,Flagship store
136,58780907716,270071,13-02-2019,11,6,2,819,171.99,1809.99,MBR
137,35353613089,270207,13-02-2019,4,1,3,126,39.69,417.69,Flagship store
138,2737048693,270263,13-02-2019,4,2,4,1108,465.36,4897.36,e-Shop
139,84834490422,271596,13-02-2019,4,1,-4,-447,187.74,-1975.74,e-Shop
140,78324020330,273304,13-02-2019,11,6,3,765,240.975,2535.975,e-Shop
141,88853694830,268444,13-02-2019,4,4,3,80,25.2,265.2,MBR
142,87149439767,273848,13-02-2019,6,5,3,1288,405.72,4269.72,TeleShop
143,89646857855,273598,13-02-2019,11,6,4,755,317.1,3337.1,MBR
144,12323853707,273552,12/2/2019,12,6,4,510,214.2,2254.2,TeleShop
145,60596009595,274652,12/2/2019,12,5,4,183,76.86,808.86,MBR
146,17146707816,274897,12/2/2019,12,5,3,622,195.93,2061.93,MBR
147,36792372906,275246,12/2/2019,2,6,1,1185,124.425,1309.425,e-Shop
148,38821078489,267025,12/2/2019,10,6,4,933,391.86,4123.86,e-Shop
149,23525861068,268100,12/2/2019,1,2,3,1318,415.17,4369.17,TeleShop
150,15403541663,266794,12/2/2019,3,2,2,322,67.62,711.62,e-Shop
151,45649838090,273667,12/2/2019,11,6,1,1450,152.25,1602.25,e-Shop
152,33433865581,269772,12/2/2019,4,2,3,1035,326.025,3431.025,TeleShop
153,55245382907,270810,12/2/2019,4,3,2,979,205.59,2163.59,TeleShop
154,74023090711,271180,12/2/2019,8,3,3,271,85.365,898.365,Flagship store
155,76916560921,268720,12/2/2019,10,6,-4,-348,146.16,-1538.16,e-Shop
156,79536458466,271944,12/2/2019,1,1,2,996,209.16,2201.16,e-Shop
157,69329009642,273799,12/2/2019,9,3,1,357,37.485,394.485,TeleShop
158,89214951500,273322,12/2/2019,12,6,1,1166,122.43,1288.43,TeleShop
159,78753279494,269758,12/2/2019,10,5,3,952,299.88,3155.88,MBR
160,97409887219,267466,12/2/2019,4,4,1,78,8.19,86.19,e-Shop
161,65228973233,270009,12/2/2019,11,5,2,301,63.21,665.21,e-Shop
162,83661978186,274678,12/2/2019,10,3,2,325,68.25,718.25,e-Shop
163,50149714801,270330,11/2/2019,10,6,5,1453,762.825,8027.825,Flagship store
164,39874643292,267524,11/2/2019,4,2,3,834,262.71,2764.71,e-Shop
165,59774938687,272137,11/2/2019,12,6,-1,-541,56.805,-597.805,e-Shop
166,26982813520,274048,11/2/2019,12,5,2,1410,296.1,3116.1,MBR
167,16894888318,273946,11/2/2019,11,6,1,1238,129.99,1367.99,e-Shop
168,2663044947,268959,11/2/2019,4,1,5,1440,756.0,7956.0,e-Shop
169,34493454984,269413,11/2/2019,4,4,3,1236,389.34,4097.34,MBR
170,17363873507,274693,11/2/2019,2,6,2,647,135.87,1429.87,TeleShop
171,43134751727,268487,11/2/2019,3,2,1,611,64.155,675.155,e-Shop
172,48458724845,274880,11/2/2019,11,5,4,431,181.02,1905.02,Flagship store
173,18326377260,269601,11/2/2019,4,2,4,710,298.2,3138.2,Flagship store
174,19332389714,267634,11/2/2019,3,1,2,335,70.35,740.35,Flagship store
175,6707537285,269933,11/2/2019,4,2,2,1196,251.16,2643.16,TeleShop
176,32636903929,270875,11/2/2019,10,3,-2,-316,66.36,-698.36,e-Shop
177,44081602885,274345,11/2/2019,11,5,2,1437,301.77,3175.77,MBR
178,77013937426,274781,11/2/2019,5,3,1,588,61.74,649.74,TeleShop
179,74015278814,269847,11/2/2019,4,1,5,1406,738.15,7768.15,TeleShop
180,67749427752,272137,11/2/2019,3,1,3,214,67.41,709.41,Flagship store
181,63521826176,272561,11/2/2019,3,1,4,1101,462.42,4866.42,e-Shop
182,75365399021,274526,11/2/2019,10,5,4,1251,525.42,5529.42,Flagship store
183,19792156528,268098,10/2/2019,3,2,1,711,74.655,785.655,TeleShop
184,46596657080,270631,10/2/2019,8,3,1,906,95.13,1001.13,TeleShop
185,163194840,268845,10/2/2019,3,5,4,1093,459.06,4831.06,Flagship store
186,42749293387,271872,10/2/2019,4,1,1,87,9.135,96.135,e-Shop
187,52367686566,271735,10/2/2019,12,5,5,312,163.8,1723.8,MBR
188,19030689527,274511,10/2/2019,11,6,1,542,56.91,598.91,e-Shop
189,47710448314,269932,10/2/2019,12,6,-4,-666,279.72,-2943.72,e-Shop
190,22385705298,269188,10/2/2019,7,5,5,554,290.85,3060.85,e-Shop
191,59105495602,268995,10/2/2019,9,3,4,479,201.18,2117.18,Flagship store
192,38825384480,267297,10/2/2019,12,5,4,725,304.5,3204.5,e-Shop
193,83881310302,268713,10/2/2019,11,6,5,452,237.3,2497.3,MBR
194,81261371045,273625,10/2/2019,10,3,2,815,171.15,1801.15,MBR
195,88990481317,273646,10/2/2019,5,3,1,239,25.095,264.095,MBR
196,85157626424,271384,10/2/2019,3,2,2,447,93.87,987.87,e-Shop
197,64586839639,269225,10/2/2019,4,2,4,813,341.46,3593.46,TeleShop
198,97048148140,268101,10/2/2019,4,3,4,1456,611.52,6435.52,Flagship store
199,80632003085,268801,10/2/2019,10,6,4,857,359.94,3787.94,e-Shop
200,80509578375,273454,10/2/2019,8,3,3,771,242.865,2555.865,e-Shop
201,45988245637,270375,9/2/2019,10,5,3,970,305.55,3215.55,e-Shop
202,27576087298,270419,9/2/2019,11,6,-2,-856,179.76,-1891.76,MBR
203,62539388511,271683,9/2/2019,1,2,3,77,24.255,255.255,e-Shop
204,40251543872,270018,9/2/2019,4,1,1,1149,120.645,1269.645,e-Shop
205,23333535918,267067,9/2/2019,7,5,2,306,64.26,676.26,e-Shop
206,33632846691,268606,9/2/2019,3,1,-5,-1146,601.65,-6331.65,e-Shop
207,4346259881,269947,9/2/2019,8,3,5,857,449.925,4734.925,TeleShop
208,39579115484,267463,9/2/2019,10,3,3,815,256.725,2701.725,MBR
209,7038716135,272172,9/2/2019,7,5,3,519,163.485,1720.485,e-Shop
210,33587223995,267662,9/2/2019,12,5,2,334,70.14,738.14,e-Shop
211,8378457026,273358,9/2/2019,10,3,5,494,259.35,2729.35,e-Shop
212,37044229807,269776,9/2/2019,4,4,1,613,64.365,677.365,e-Shop
213,67548143862,272515,9/2/2019,1,4,-2,-586,123.06,-1295.06,MBR
214,75768838702,269808,9/2/2019,5,3,3,1381,435.015,4578.015,TeleShop
215,72558029032,267467,9/2/2019,1,4,4,611,256.62,2700.62,Flagship store
216,83012826863,272365,9/2/2019,11,5,4,825,346.5,3646.5,MBR
217,78615435064,270111,9/2/2019,4,3,2,1069,224.49,2362.49,Flagship store
218,65766709899,266843,9/2/2019,2,6,5,934,490.35,5160.35,TeleShop
219,88707635548,267754,9/2/2019,4,2,1,257,26.985,283.985,e-Shop
220,86159101262,270240,9/2/2019,12,5,3,680,214.2,2254.2,e-Shop
221,56288202501,267656,8/2/2019,10,6,-3,-421,132.615,-1395.615,e-Shop
222,1255149551,268364,8/2/2019,12,5,1,495,51.975,546.975,TeleShop
223,364208039,271694,8/2/2019,3,5,3,935,294.525,3099.525,e-Shop
224,13264686077,273267,8/2/2019,4,2,4,1177,494.34,5202.34,e-Shop
225,28977973301,273368,8/2/2019,12,6,5,627,329.175,3464.175,MBR
226,60419542443,273598,8/2/2019,12,5,2,849,178.29,1876.29,e-Shop
227,38646806488,273353,8/2/2019,11,6,2,787,165.27,1739.27,e-Shop
228,6002148986,268402,8/2/2019,10,3,3,537,169.155,1780.155,Flagship store
229,14834552371,274650,8/2/2019,12,5,1,498,52.29,550.29,Flagship store
230,24352273509,273140,8/2/2019,4,4,5,621,326.025,3431.025,e-Shop
231,17363351082,267926,8/2/2019,2,6,1,1398,146.79,1544.79,MBR
232,61981174638,272143,8/2/2019,4,4,2,615,129.15,1359.15,TeleShop
233,90855483222,274895,8/2/2019,5,3,1,372,39.06,411.06,Flagship store
234,68620999310,273660,8/2/2019,4,3,4,1202,504.84,5312.84,e-Shop
235,90375459981,269269,8/2/2019,4,3,4,232,97.44,1025.44,e-Shop
236,76880074300,275227,8/2/2019,10,5,3,298,93.87,987.87,MBR
237,65582112405,267243,8/2/2019,1,1,-3,-1259,396.585,-4173.585,e-Shop
238,93495212754,269950,8/2/2019,12,5,2,646,135.66,1427.66,Flagship store
239,93868053857,270042,8/2/2019,10,3,5,1393,731.325,7696.325,e-Shop
240,33632846691,268606,7/2/2019,3,1,-5,-1146,601.65,-6331.65,e-Shop
241,45033226236,274250,7/2/2019,1,4,2,1326,278.46,2930.46,e-Shop
242,12161898302,274402,7/2/2019,1,2,1,891,93.555,984.555,TeleShop
243,39489465631,275082,7/2/2019,10,6,2,403,84.63,890.63,MBR
244,41870403334,273965,7/2/2019,1,4,5,510,267.75,2817.75,e-Shop
245,57797450946,272395,7/2/2019,12,6,5,80,42.0,442.0,Flagship store
246,59774938687,272137,7/2/2019,12,6,1,541,56.805,597.805,e-Shop
247,54468563132,270773,7/2/2019,1,2,1,949,99.645,1048.645,e-Shop
248,15209954032,267704,7/2/2019,10,6,4,784,329.28,3465.28,e-Shop
249,7699070022,268670,7/2/2019,1,2,1,1183,124.215,1307.215,e-Shop
250,54730601969,274917,7/2/2019,1,1,5,102,53.55,563.55,e-Shop
251,52050513659,272985,7/2/2019,4,2,3,1389,437.535,4604.535,e-Shop
252,34021802745,271577,7/2/2019,3,1,4,1247,523.74,5511.74,Flagship store
253,59849740275,270405,7/2/2019,3,5,5,260,136.5,1436.5,TeleShop
254,27835361772,273083,7/2/2019,3,1,4,1141,479.22,5043.22,e-Shop
255,33904181275,272874,7/2/2019,12,5,5,556,291.9,3071.9,e-Shop
256,3030817826,269741,7/2/2019,5,3,1,493,51.765,544.765,e-Shop
257,84834490422,271596,7/2/2019,4,1,4,447,187.74,1975.74,e-Shop
258,76916560921,268720,7/2/2019,10,6,4,348,146.16,1538.16,e-Shop
259,77738613519,275104,7/2/2019,10,5,4,1219,511.98,5387.98,e-Shop
260,99564160197,275204,7/2/2019,2,6,-5,-868,455.7,-4795.7,MBR
261,90027428071,275056,7/2/2019,4,1,2,401,84.21,886.21,TeleShop
262,75588795256,268275,7/2/2019,4,2,-5,-1144,600.6,-6320.6,e-Shop
263,70614471898,274772,7/2/2019,3,1,5,163,85.575,900.575,TeleShop
264,98359405385,274331,7/2/2019,3,5,-4,-1314,551.88,-5807.88,MBR
265,85541056281,273367,7/2/2019,8,3,5,303,159.075,1674.075,MBR
266,52563546033,270178,6/2/2019,9,3,5,733,384.825,4049.825,TeleShop
267,28640836748,269049,6/2/2019,3,1,5,1293,678.825,7143.825,Flagship store
268,21165396469,271101,6/2/2019,11,6,4,427,179.34,1887.34,TeleShop
269,61647375755,271935,6/2/2019,3,2,2,282,59.22,623.22,Flagship store
270,22635337610,273863,6/2/2019,10,5,2,1137,238.77,2512.77,TeleShop
271,61800180485,273363,6/2/2019,3,2,3,575,181.125,1906.125,TeleShop
272,28010239247,273871,6/2/2019,2,6,4,897,376.74,3964.74,MBR
273,32722184372,269527,6/2/2019,10,5,1,688,72.24,760.24,e-Shop
274,10535054637,273221,6/2/2019,6,5,4,1145,480.9,5060.9,TeleShop
275,9107602878,266900,6/2/2019,3,1,2,666,139.86,1471.86,Flagship store
276,33661068980,273651,6/2/2019,11,5,1,707,74.235,781.235,e-Shop
277,8890120338,272794,6/2/2019,10,5,1,615,64.575,679.575,e-Shop
278,56624369341,270072,6/2/2019,6,5,1,428,44.94,472.94,Flagship store
279,57234040200,272816,6/2/2019,7,5,5,1477,775.425,8160.425,MBR
280,91565824523,267833,6/2/2019,12,6,2,571,119.91,1261.91,e-Shop
281,78935183480,275010,6/2/2019,3,1,2,1262,265.02,2789.02,e-Shop
282,80187350207,269221,6/2/2019,11,5,1,497,52.185,549.185,e-Shop
283,71352894214,269787,6/2/2019,3,5,1,96,10.08,106.08,Flagship store
284,77645508568,275134,6/2/2019,10,5,3,1052,331.38,3487.38,Flagship store
285,81111550420,274369,6/2/2019,10,6,5,1335,700.875,7375.875,MBR
286,27576087298,270419,5/2/2019,11,6,2,856,179.76,1891.76,MBR
287,51473331806,267794,5/2/2019,1,1,3,292,91.98,967.98,TeleShop
288,14735497960,270253,5/2/2019,4,1,1,225,23.625,248.625,TeleShop
289,16495297625,270148,5/2/2019,5,3,4,998,419.16,4411.16,Flagship store
290,41451156208,272672,5/2/2019,1,2,2,269,56.49,594.49,Flagship store
291,28621201753,271310,5/2/2019,10,6,4,219,91.98,967.98,e-Shop
292,46654312080,271152,5/2/2019,3,5,2,1106,232.26,2444.26,e-Shop
293,34370573493,269370,5/2/2019,9,3,2,83,17.43,183.43,MBR
294,33588407342,271494,5/2/2019,3,5,4,559,234.78,2470.78,e-Shop
295,46019709226,272852,5/2/2019,11,5,1,882,92.61,974.61,TeleShop
296,33632846691,268606,5/2/2019,3,1,5,1146,601.65,6331.65,e-Shop
297,95462385777,273023,5/2/2019,11,6,-5,-1453,762.825,-8027.825,e-Shop
298,78340008725,273096,5/2/2019,2,6,2,598,125.58,1321.58,MBR
299,94902984271,270831,5/2/2019,8,3,-5,-1221,641.025,-6746.025,Flagship store
300,67958065319,270714,5/2/2019,12,6,2,306,64.26,676.26,e-Shop
301,92456150942,267489,5/2/2019,1,1,-4,-587,246.54,-2594.54,TeleShop
302,75588795256,268275,5/2/2019,4,2,5,1144,600.6,6320.6,e-Shop
303,21306057166,269711,4/2/2019,6,5,1,207,21.735,228.735,TeleShop
304,38796532648,268931,4/2/2019,4,3,5,1076,564.9,5944.9,Flagship store
305,51203180395,270481,4/2/2019,2,6,1,1044,109.62,1153.62,Flagship store
306,1278547891,270252,4/2/2019,1,4,2,1477,310.17,3264.17,e-Shop
307,32815955218,275225,4/2/2019,10,3,4,370,155.4,1635.4,MBR
308,6522235782,269285,4/2/2019,3,1,3,907,285.705,3006.705,e-Shop
309,56288202501,267656,4/2/2019,10,6,3,421,132.615,1395.615,e-Shop
310,47710448314,269932,4/2/2019,12,6,4,666,279.72,2943.72,e-Shop
311,61686001091,275196,4/2/2019,1,4,5,1156,606.9,6386.9,MBR
312,59263063850,272795,4/2/2019,11,6,3,496,156.24,1644.24,e-Shop
313,17471192489,271500,4/2/2019,4,4,-4,-526,220.92,-2324.92,TeleShop
314,95462385777,273023,4/2/2019,11,6,5,1453,762.825,8027.825,e-Shop
315,73384846911,273877,4/2/2019,10,3,-3,-97,30.555,-321.555,Flagship store
316,96960790073,273836,4/2/2019,4,4,2,663,139.23,1465.23,MBR
317,33506637829,271012,3/2/2019,12,5,5,799,419.475,4414.475,e-Shop
318,27482838740,268569,3/2/2019,4,3,4,844,354.48,3730.48,MBR
319,22828723502,272596,3/2/2019,4,1,4,240,100.8,1060.8,e-Shop
320,19238160624,268057,3/2/2019,4,2,2,667,140.07,1474.07,MBR
321,44279555583,270455,3/2/2019,4,1,3,1190,374.85,3944.85,MBR
322,26657504316,271288,3/2/2019,7,5,1,1051,110.355,1161.355,Flagship store
323,38807835117,269786,3/2/2019,7,5,-5,-245,128.625,-1353.625,Flagship store
324,36980780606,269537,3/2/2019,5,3,4,859,360.78,3796.78,e-Shop
325,49910782959,275088,3/2/2019,10,6,5,1158,607.95,6397.95,MBR
326,49866131360,268571,3/2/2019,10,6,3,1195,376.425,3961.425,e-Shop
327,6194846096,270044,3/2/2019,8,3,5,309,162.225,1707.225,Flagship store
328,40128462174,273020,3/2/2019,1,2,2,1362,286.02,3010.02,e-Shop
329,46405253470,271583,3/2/2019,6,5,3,509,160.335,1687.335,e-Shop
330,41630872980,269697,3/2/2019,8,3,5,1163,610.575,6425.575,TeleShop
331,17188218954,274479,3/2/2019,3,2,2,501,105.21,1107.21,Flagship store
332,15299506861,274982,3/2/2019,11,5,1,548,57.54,605.54,e-Shop
333,39269527891,274811,3/2/2019,4,3,5,1376,722.4,7602.4,e-Shop
334,4144418176,274554,3/2/2019,11,5,4,995,417.9,4397.9,e-Shop
335,39331157930,273081,3/2/2019,8,3,3,905,285.075,3000.075,e-Shop
336,4295223327,272031,3/2/2019,9,3,4,527,221.34,2329.34,Flagship store
337,92456150942,267489,3/2/2019,1,1,4,587,246.54,2594.54,TeleShop
338,91386723763,269188,3/2/2019,8,3,3,736,231.84,2439.84,TeleShop
339,69697587133,267045,3/2/2019,6,5,5,467,245.175,2580.175,e-Shop
340,96260208601,271379,3/2/2019,1,2,4,221,92.82,976.82,MBR
341,74761759329,267464,3/2/2019,4,2,1,930,97.65,1027.65,TeleShop
342,84097282175,269273,3/2/2019,1,2,-3,-1207,380.205,-4001.205,e-Shop
343,73384846911,273877,3/2/2019,10,3,3,97,30.555,321.555,Flagship store
344,97988621875,274923,3/2/2019,7,5,3,837,263.655,2774.655,e-Shop
345,69670072494,267594,3/2/2019,9,3,-1,-176,18.48,-194.48,MBR
346,75739743151,271426,3/2/2019,10,5,1,1119,117.495,1236.495,Flagship store
347,92912620218,273184,3/2/2019,3,1,1,1034,108.57,1142.57,e-Shop
348,32254231201,274148,2/2/2019,4,1,2,135,28.35,298.35,Flagship store
349,44712169710,268835,2/2/2019,2,6,1,1132,118.86,1250.86,MBR
350,11824708239,274999,2/2/2019,1,1,1,1430,150.15,1580.15,e-Shop
351,2308796520,271367,2/2/2019,12,5,1,181,19.005,200.005,e-Shop
352,56705966619,274984,2/2/2019,12,5,4,631,265.02,2789.02,MBR
353,54450927619,271534,2/2/2019,1,1,4,172,72.24,760.24,e-Shop
354,11737727324,272392,2/2/2019,8,3,-4,-402,168.84,-1776.84,MBR
355,7338933735,271474,2/2/2019,6,5,-4,-173,72.66,-764.66,TeleShop
356,28026773569,268855,2/2/2019,11,5,5,476,249.9,2629.9,MBR
357,34115286752,266918,2/2/2019,10,6,-3,-1381,435.015,-4578.015,TeleShop
358,12521530918,269259,2/2/2019,1,4,4,1424,598.08,6294.08,e-Shop
359,27554857220,268635,2/2/2019,3,5,1,705,74.025,779.025,MBR
360,23061342609,267265,2/2/2019,2,6,5,1469,771.225,8116.225,TeleShop
361,46014921346,268171,2/2/2019,10,5,2,1275,267.75,2817.75,Flagship store
362,10234543774,268164,2/2/2019,1,4,4,526,220.92,2324.92,MBR
363,58350344910,266820,2/2/2019,10,6,1,447,46.935,493.935,Flagship store
364,84926678995,267489,2/2/2019,3,2,2,354,74.34,782.34,MBR
365,79846979351,270050,2/2/2019,12,5,5,197,103.425,1088.425,e-Shop
366,87197016917,268736,2/2/2019,8,3,-4,-461,193.62,-2037.62,Flagship store
367,52287442334,270213,1/2/2019,3,1,1,834,87.57,921.57,MBR
368,2547329505,271176,1/2/2019,3,1,-5,-1428,749.7,-7889.7,TeleShop
369,32636903929,270875,1/2/2019,10,3,2,316,66.36,698.36,e-Shop
370,60097466271,273973,1/2/2019,7,5,-5,-859,450.975,-4745.975,Flagship store
371,11640587371,274653,1/2/2019,5,3,1,978,102.69,1080.69,e-Shop
372,1061032496,272607,1/2/2019,9,3,5,924,485.1,5105.1,MBR
373,13196430748,268847,1/2/2019,2,6,-5,-1444,758.1,-7978.1,MBR
374,23986203278,271986,1/2/2019,9,3,3,1128,355.32,3739.32,e-Shop
375,77992614666,267734,1/2/2019,4,2,4,1124,472.08,4968.08,e-Shop
376,95849732397,271328,1/2/2019,4,1,2,841,176.61,1858.61,MBR
377,82379417230,269090,1/2/2019,1,1,1,615,64.575,679.575,Flagship store
378,82547296361,267651,1/2/2019,2,6,5,737,386.925,4071.925,MBR
379,92368680425,273271,1/2/2019,10,6,4,775,325.5,3425.5,MBR
380,76021787833,269476,1/2/2019,4,1,2,418,87.78,923.78,e-Shop
381,99362089069,272675,1/2/2019,2,6,4,1168,490.56,5162.56,e-Shop
382,85730195332,271596,1/2/2019,9,3,4,549,230.58,2426.58,e-Shop
383,16390149843,274799,31-01-2019,12,6,5,1476,774.9,8154.9,MBR
384,61655584546,274587,31-01-2019,6,5,4,461,193.62,2037.62,Flagship store
385,60138593216,270888,31-01-2019,4,4,3,827,260.505,2741.505,e-Shop
386,12315701321,268516,31-01-2019,7,5,3,762,240.03,2526.03,e-Shop
387,37900856424,272463,31-01-2019,4,3,4,1224,514.08,5410.08,MBR
388,33656527085,273167,31-01-2019,4,4,2,1085,227.85,2397.85,e-Shop
389,22826695874,270949,31-01-2019,1,1,4,1481,622.02,6546.02,e-Shop
390,54552813204,271974,31-01-2019,10,3,5,1141,599.025,6304.025,e-Shop
391,6472413088,272105,31-01-2019,11,6,2,476,99.96,1051.96,e-Shop
392,58623171425,269732,31-01-2019,2,6,3,461,145.215,1528.215,TeleShop
393,53323992234,273271,31-01-2019,3,1,5,376,197.4,2077.4,TeleShop
394,27205845162,267858,31-01-2019,7,5,4,1145,480.9,5060.9,e-Shop
395,80295560781,274331,31-01-2019,6,5,4,147,61.74,649.74,MBR
396,66476158995,270580,31-01-2019,4,3,4,1472,618.24,6506.24,TeleShop
397,79213950689,268047,31-01-2019,12,5,5,1290,677.25,7127.25,e-Shop
398,67548143862,272515,31-01-2019,1,4,2,586,123.06,1295.06,MBR
399,65391787776,268050,31-01-2019,1,2,3,686,216.09,2274.09,e-Shop
400,77398776562,270526,31-01-2019,2,6,-4,-858,360.36,-3792.36,Flagship store
401,92879441377,270678,31-01-2019,4,4,1,544,57.12,601.12,e-Shop
402,97019027374,267702,31-01-2019,12,5,2,681,143.01,1505.01,TeleShop
403,2547329505,271176,30-01-2019,3,1,5,1428,749.7,7889.7,TeleShop
404,57678857295,270633,30-01-2019,1,2,2,497,104.37,1098.37,MBR
405,58232578746,271758,30-01-2019,1,4,2,592,124.32,1308.32,MBR
406,21274376720,273590,30-01-2019,3,5,5,109,57.225,602.225,TeleShop
407,41925796707,268548,30-01-2019,12,6,-2,-615,129.15,-1359.15,TeleShop
408,1657099167,270780,30-01-2019,10,5,2,389,81.69,859.69,TeleShop
409,34629693730,272996,30-01-2019,11,5,5,969,508.725,5353.725,TeleShop
410,58390178469,275082,30-01-2019,4,3,1,1098,115.29,1213.29,MBR
411,44443398067,266974,30-01-2019,3,1,-1,-484,50.82,-534.82,Flagship store
412,79276691171,273703,30-01-2019,10,6,3,895,281.925,2966.925,e-Shop
413,94902984271,270831,30-01-2019,8,3,-5,-1221,641.025,-6746.025,Flagship store
414,86716056028,268479,30-01-2019,6,5,2,491,103.11,1085.11,MBR
415,91119052519,270293,30-01-2019,4,3,4,1375,577.5,6077.5,TeleShop
416,77398776562,270526,30-01-2019,2,6,4,858,360.36,3792.36,Flagship store
417,71940489641,269392,30-01-2019,7,5,4,281,118.02,1242.02,e-Shop
418,87197016917,268736,30-01-2019,8,3,4,461,193.62,2037.62,Flagship store
419,69670072494,267594,30-01-2019,9,3,1,176,18.48,194.48,MBR
420,92449967953,270839,30-01-2019,12,6,1,285,29.925,314.925,TeleShop
421,64764218477,268790,30-01-2019,3,1,5,848,445.2,4685.2,e-Shop
422,68543654749,272529,30-01-2019,6,5,1,331,34.755,365.755,MBR
423,8172983400,271972,29-01-2019,4,3,2,583,122.43,1288.43,TeleShop
424,7338933735,271474,29-01-2019,6,5,4,173,72.66,764.66,TeleShop
425,36807187754,275075,29-01-2019,1,2,5,713,374.325,3939.325,e-Shop
426,54292751087,271567,29-01-2019,4,4,1,778,81.69,859.69,MBR
427,58625169841,273386,29-01-2019,6,5,2,511,107.31,1129.31,MBR
428,37626170750,271304,29-01-2019,9,3,1,769,80.745,849.745,e-Shop
429,39666063873,273509,29-01-2019,4,4,4,516,216.72,2280.72,TeleShop
430,25599059324,267547,29-01-2019,1,4,3,1023,322.245,3391.245,e-Shop
431,34360043512,271858,29-01-2019,10,5,1,1046,109.83,1155.83,e-Shop
432,21647178150,274923,29-01-2019,7,5,5,812,426.3,4486.3,Flagship store
433,15889392076,269831,29-01-2019,6,5,3,822,258.93,2724.93,TeleShop
434,49989506732,271833,29-01-2019,9,3,1,756,79.38,835.38,e-Shop
435,6817548315,268266,29-01-2019,11,5,1,1132,118.86,1250.86,TeleShop
436,23926337037,269780,29-01-2019,4,2,2,1392,292.32,3076.32,e-Shop
437,17471192489,271500,29-01-2019,4,4,4,526,220.92,2324.92,TeleShop
438,65582112405,267243,29-01-2019,1,1,3,1259,396.585,4173.585,e-Shop
439,79594896765,274756,29-01-2019,3,1,3,269,84.735,891.735,Flagship store
440,84097282175,269273,29-01-2019,1,2,3,1207,380.205,4001.205,e-Shop
441,89609082257,266993,29-01-2019,9,3,2,1245,261.45,2751.45,TeleShop
442,94244420943,271294,29-01-2019,3,5,5,810,425.25,4475.25,e-Shop
443,83345972260,267740,29-01-2019,12,5,-3,-133,41.895,-440.895,MBR
444,74045977498,268998,29-01-2019,11,5,1,814,85.47,899.47,Flagship store
445,79699211411,272286,29-01-2019,10,6,1,763,80.115,843.115,MBR
446,85527129080,271161,29-01-2019,12,5,4,983,412.86,4344.86,TeleShop
447,88864598282,268992,29-01-2019,11,6,-2,-615,129.15,-1359.15,e-Shop
448,78612992935,268810,29-01-2019,1,1,-5,-407,213.675,-2248.675,e-Shop
449,64939234724,270240,29-01-2019,1,1,4,644,270.48,2846.48,e-Shop
450,59944705244,274739,28-01-2019,10,6,5,1440,756.0,7956.0,MBR
451,4535841537,271224,28-01-2019,1,4,5,1306,685.65,7215.65,TeleShop
452,46741038644,273026,28-01-2019,7,5,5,1163,610.575,6425.575,MBR
453,29893265549,267656,28-01-2019,4,4,-3,-962,303.03,-3189.03,MBR
454,33802822011,269612,28-01-2019,8,3,-2,-299,62.79,-660.79,e-Shop
455,54640842539,270036,28-01-2019,3,1,5,428,224.7,2364.7,e-Shop
456,58703900633,270106,28-01-2019,2,6,5,1048,550.2,5790.2,e-Shop
457,50475842661,268099,28-01-2019,4,1,2,1171,245.91,2587.91,e-Shop
458,61822316053,274408,28-01-2019,7,5,4,1382,580.44,6108.44,Flagship store
459,10514896400,267909,28-01-2019,11,6,5,1190,624.75,6574.75,e-Shop
460,37053723982,267912,28-01-2019,7,5,3,1021,321.615,3384.615,Flagship store
461,20069075349,267771,28-01-2019,12,5,-5,-416,218.4,-2298.4,MBR
462,64030190529,269524,28-01-2019,1,4,5,525,275.625,2900.625,e-Shop
463,98359405385,274331,28-01-2019,3,5,4,1314,551.88,5807.88,MBR
464,99564160197,275204,28-01-2019,2,6,5,868,455.7,4795.7,MBR
465,82925613862,274728,28-01-2019,4,2,5,450,236.25,2486.25,e-Shop
466,88066189956,269413,28-01-2019,1,4,5,661,347.025,3652.025,MBR
467,78915377743,272556,28-01-2019,6,5,5,98,51.45,541.45,e-Shop
468,79991586084,268211,28-01-2019,1,1,5,540,283.5,2983.5,Flagship store
469,98158207065,269820,28-01-2019,4,2,5,544,285.6,3005.6,e-Shop
470,78612992935,268810,28-01-2019,1,1,5,407,213.675,2248.675,e-Shop
471,66769817332,267828,28-01-2019,3,1,5,100,52.5,552.5,TeleShop
472,91391624776,273831,28-01-2019,6,5,1,775,81.375,856.375,TeleShop
473,7640943042,271283,27-01-2019,1,1,1,1331,139.755,1470.755,MBR
474,23848726298,272574,27-01-2019,10,6,5,1350,708.75,7458.75,Flagship store
475,22618767602,272534,27-01-2019,4,4,3,519,163.485,1720.485,e-Shop
476,20069075349,267771,27-01-2019,12,5,5,416,218.4,2298.4,MBR
477,20315433060,270239,27-01-2019,12,5,5,1218,639.45,6729.45,TeleShop
478,59928033888,274208,27-01-2019,4,1,-4,-452,189.84,-1997.84,Flagship store
479,17601062724,268679,27-01-2019,1,4,4,927,389.34,4097.34,TeleShop
480,34115286752,266918,27-01-2019,10,6,3,1381,435.015,4578.015,TeleShop
481,59826856100,274751,27-01-2019,11,6,3,566,178.29,1876.29,e-Shop
482,18147222234,269376,27-01-2019,10,5,3,693,218.295,2297.295,e-Shop
483,42212433680,272313,27-01-2019,3,1,1,663,69.615,732.615,MBR
484,96412556748,269841,27-01-2019,10,3,3,394,124.11,1306.11,Flagship store
485,75569039317,274952,27-01-2019,7,5,5,483,253.575,2668.575,TeleShop
486,74772078732,271683,27-01-2019,5,3,1,798,83.79,881.79,e-Shop
487,94902984271,270831,27-01-2019,8,3,5,1221,641.025,6746.025,Flagship store
488,94988741280,267488,27-01-2019,3,1,3,382,120.33,1266.33,Flagship store
489,96223637288,273924,27-01-2019,8,3,2,632,132.72,1396.72,e-Shop
490,89939456523,268996,27-01-2019,1,1,1,1103,115.815,1218.815,e-Shop
491,72411019568,271905,27-01-2019,3,1,5,1173,615.825,6480.825,Flagship store
492,19240720162,272940,26-01-2019,9,3,3,1203,378.945,3987.945,MBR
493,11878870074,268819,26-01-2019,10,5,-4,-1486,624.12,-6568.12,e-Shop
494,10305033839,270350,26-01-2019,3,1,1,275,28.875,303.875,TeleShop
495,21803484383,267991,26-01-2019,11,6,5,932,489.3,5149.3,MBR
496,36956954883,271381,26-01-2019,10,5,1,374,39.27,413.27,e-Shop
497,54108507229,270399,26-01-2019,4,2,-2,-838,175.98,-1851.98,MBR
498,38807835117,269786,26-01-2019,7,5,5,245,128.625,1353.625,Flagship store
499,12905992307,267094,26-01-2019,5,3,1,1449,152.145,1601.145,e-Shop
500,13196430748,268847,26-01-2019,2,6,5,1444,758.1,7978.1,MBR
501,42789741259,266853,26-01-2019,1,1,2,1152,241.92,2545.92,MBR
502,35964342169,271769,26-01-2019,1,1,4,642,269.64,2837.64,TeleShop
503,10692392213,275022,26-01-2019,4,4,2,1335,280.35,2950.35,e-Shop
504,70176609703,272656,26-01-2019,5,3,4,826,346.92,3650.92,e-Shop
505,64562440096,270706,26-01-2019,3,5,2,265,55.65,585.65,TeleShop
506,86449661887,268352,26-01-2019,10,3,4,1082,454.44,4782.44,e-Shop
507,99264354202,275246,26-01-2019,4,3,4,191,80.22,844.22,e-Shop
508,44616875326,271937,25-01-2019,4,1,3,121,38.115,401.115,TeleShop
509,60097466271,273973,25-01-2019,7,5,5,859,450.975,4745.975,Flagship store
510,29734254814,274428,25-01-2019,9,3,4,1186,498.12,5242.12,e-Shop
511,29982163778,272482,25-01-2019,1,1,3,1499,472.185,4969.185,e-Shop
512,44442512915,274706,25-01-2019,10,3,2,1054,221.34,2329.34,TeleShop
513,21682231729,275117,25-01-2019,3,2,3,1459,459.585,4836.585,MBR
514,12773478634,267594,25-01-2019,10,6,3,847,266.805,2807.805,e-Shop
515,52486968694,267174,25-01-2019,11,5,-3,-654,206.01,-2168.01,e-Shop
516,60959622239,271586,25-01-2019,5,3,3,114,35.91,377.91,e-Shop
517,18418145766,273798,25-01-2019,4,3,3,1289,406.035,4273.035,e-Shop
518,46821950214,270938,25-01-2019,4,4,5,1057,554.925,5839.925,e-Shop
519,25389989724,274955,25-01-2019,4,2,1,1145,120.225,1265.225,Flagship store
520,29893265549,267656,25-01-2019,4,4,3,962,303.03,3189.03,MBR
521,26839685633,274525,25-01-2019,9,3,5,739,387.975,4082.975,e-Shop
522,27440436952,274978,25-01-2019,3,2,4,1100,462.0,4862.0,TeleShop
523,2725756218,267420,25-01-2019,4,2,4,506,212.52,2236.52,e-Shop
524,28610637168,273835,25-01-2019,10,6,5,1402,736.05,7746.05,Flagship store
525,89337750703,270020,25-01-2019,7,5,2,1323,277.83,2923.83,e-Shop
526,78090081104,267999,25-01-2019,4,2,3,302,95.13,1001.13,e-Shop
527,33864744767,275136,24-01-2019,2,6,1,311,32.655,343.655,MBR
528,58670851794,275069,24-01-2019,1,2,5,1318,691.95,7281.95,e-Shop
529,44443398067,266974,24-01-2019,3,1,1,484,50.82,534.82,Flagship store
530,17092832093,272837,24-01-2019,10,6,2,532,111.72,1175.72,e-Shop
531,37463585958,268487,24-01-2019,3,1,3,526,165.69,1743.69,TeleShop
532,14344968345,268027,24-01-2019,3,2,3,1220,384.3,4044.3,e-Shop
533,31630777702,269173,24-01-2019,3,5,3,942,296.73,3122.73,MBR
534,9885900126,274364,24-01-2019,7,5,3,1025,322.875,3397.875,e-Shop
535,55612634884,270400,24-01-2019,4,4,2,184,38.64,406.64,e-Shop
536,49387359321,269964,24-01-2019,4,2,2,1329,279.09,2937.09,TeleShop
537,35775731627,272659,24-01-2019,10,3,3,907,285.705,3006.705,e-Shop
538,19169459284,274428,24-01-2019,4,3,3,610,192.15,2022.15,MBR
539,55756440116,274621,24-01-2019,4,1,1,1336,140.28,1476.28,e-Shop
540,47374867028,273703,24-01-2019,3,2,-1,-601,63.105,-664.105,MBR
541,19360494687,273913,24-01-2019,2,6,5,1229,645.225,6790.225,TeleShop
542,33249592128,274747,24-01-2019,10,5,2,1404,294.84,3102.84,e-Shop
543,33410130471,271768,24-01-2019,4,1,2,506,106.26,1118.26,e-Shop
544,24556668524,268054,24-01-2019,1,4,4,176,73.92,777.92,Flagship store
545,77367382435,269890,24-01-2019,4,3,5,1218,639.45,6729.45,e-Shop
546,86420605962,271448,24-01-2019,4,4,-5,-191,100.275,-1055.275,e-Shop
547,76600689323,269873,24-01-2019,4,1,5,1066,559.65,5889.65,TeleShop
548,88864598282,268992,24-01-2019,11,6,2,615,129.15,1359.15,e-Shop
549,85020078260,267450,24-01-2019,1,4,2,615,129.15,1359.15,e-Shop
550,26783246066,272144,23-01-2019,1,4,-5,-513,269.325,-2834.325,e-Shop
551,11737727324,272392,23-01-2019,8,3,4,402,168.84,1776.84,MBR
552,33563154343,271910,23-01-2019,4,3,4,114,47.88,503.88,e-Shop
553,16190005315,267164,23-01-2019,7,5,5,1059,555.975,5850.975,e-Shop
554,15574931134,274727,23-01-2019,12,6,3,131,41.265,434.265,MBR
555,33430226218,270253,23-01-2019,7,5,4,1172,492.24,5180.24,Flagship store
556,37224632962,267075,23-01-2019,10,5,1,203,21.315,224.315,e-Shop
557,61033643931,272142,23-01-2019,1,4,1,1134,119.07,1253.07,e-Shop
558,40381437305,271490,23-01-2019,12,5,2,1374,288.54,3036.54,e-Shop
559,27926544340,273095,23-01-2019,11,5,4,170,71.4,751.4,MBR
560,11163686220,268526,23-01-2019,4,1,4,274,115.08,1211.08,Flagship store
561,62529430460,271110,23-01-2019,4,2,1,1473,154.665,1627.665,e-Shop
562,37148079131,272549,23-01-2019,11,5,3,102,32.13,338.13,e-Shop
563,32435995107,268151,23-01-2019,4,4,1,998,104.79,1102.79,TeleShop
564,11878870074,268819,23-01-2019,10,5,4,1486,624.12,6568.12,e-Shop
565,18636776870,270815,23-01-2019,4,3,3,485,152.775,1607.775,MBR
566,49021386204,272336,23-01-2019,1,4,4,289,121.38,1277.38,e-Shop
567,38689615979,271470,23-01-2019,1,4,1,241,25.305,266.305,e-Shop
568,13139143488,267753,23-01-2019,4,4,2,330,69.3,729.3,e-Shop
569,79839369986,273511,23-01-2019,4,2,3,633,199.395,2098.395,TeleShop
570,95667633915,273251,23-01-2019,6,5,2,360,75.6,795.6,MBR
571,83345972260,267740,23-01-2019,12,5,3,133,41.895,440.895,MBR
572,94398471140,271266,23-01-2019,6,5,4,937,393.54,4141.54,MBR
573,87995244431,268335,23-01-2019,12,5,4,484,203.28,2139.28,e-Shop
574,84059330192,272508,23-01-2019,1,2,2,272,57.12,601.12,MBR
575,2976029181,272757,22-01-2019,10,6,4,1038,435.96,4587.96,MBR
576,20984054103,274662,22-01-2019,2,6,2,333,69.93,735.93,e-Shop
577,54060100870,269193,22-01-2019,10,5,5,482,253.05,2663.05,Flagship store
578,12512192994,268020,22-01-2019,11,6,-3,-558,175.77,-1849.77,Flagship store
579,56109773285,272973,22-01-2019,4,3,2,1158,243.18,2559.18,TeleShop
580,50689573502,275131,22-01-2019,6,5,4,1284,539.28,5675.28,TeleShop
581,10365831379,272915,22-01-2019,8,3,1,1442,151.41,1593.41,e-Shop
582,17122455708,274150,22-01-2019,10,3,1,890,93.45,983.45,e-Shop
583,11698340645,268565,22-01-2019,7,5,4,295,123.9,1303.9,e-Shop
584,53052041278,271026,22-01-2019,12,6,1,194,20.37,214.37,e-Shop
585,8173671453,269577,22-01-2019,12,5,4,755,317.1,3337.1,Flagship store
586,53259113714,270873,22-01-2019,11,5,-3,-394,124.11,-1306.11,e-Shop
587,9142142278,275210,22-01-2019,11,6,2,1109,232.89,2450.89,e-Shop
588,47153065619,271075,22-01-2019,5,3,2,998,209.58,2205.58,e-Shop
589,45590940309,275210,22-01-2019,10,6,5,259,135.975,1430.975,e-Shop
590,28713631539,273896,22-01-2019,10,5,1,202,21.21,223.21,MBR
591,35367845543,268467,22-01-2019,4,1,2,898,188.58,1984.58,e-Shop
592,25344072305,272312,22-01-2019,4,4,5,239,125.475,1320.475,Flagship store
593,36910325287,271357,22-01-2019,3,5,1,469,49.245,518.245,e-Shop
594,37989913782,272103,22-01-2019,4,2,4,153,64.26,676.26,e-Shop
595,85045362602,274187,22-01-2019,4,2,-1,-362,38.01,-400.01,e-Shop
596,82832776699,267511,22-01-2019,5,3,4,1220,512.4,5392.4,MBR
597,90798971378,267304,22-01-2019,5,3,1,1132,118.86,1250.86,TeleShop
598,33802822011,269612,21-01-2019,8,3,2,299,62.79,660.79,e-Shop
599,14676568049,272414,21-01-2019,4,2,2,982,206.22,2170.22,MBR
600,41501757047,273043,21-01-2019,2,6,2,866,181.86,1913.86,Flagship store
601,36447947366,275064,21-01-2019,4,2,1,838,87.99,925.99,Flagship store
602,41925796707,268548,21-01-2019,12,6,2,615,129.15,1359.15,TeleShop
603,61322553703,269246,21-01-2019,4,3,3,779,245.385,2582.385,e-Shop
604,13363700256,274301,21-01-2019,10,5,2,367,77.07,811.07,TeleShop
605,10371747594,268898,21-01-2019,1,1,2,1381,290.01,3052.01,TeleShop
606,40225595567,274277,21-01-2019,3,5,2,1243,261.03,2747.03,Flagship store
607,52040034081,271250,21-01-2019,8,3,4,1372,576.24,6064.24,Flagship store
608,19354686316,268160,21-01-2019,1,2,-2,-238,49.98,-525.98,e-Shop
609,25193314348,268878,21-01-2019,11,6,4,794,333.48,3509.48,TeleShop
610,85045362602,274187,21-01-2019,4,2,1,362,38.01,400.01,e-Shop
611,67175706538,273009,21-01-2019,9,3,1,743,78.015,821.015,e-Shop
612,89964793494,271992,21-01-2019,9,3,2,1122,235.62,2479.62,TeleShop
613,99495311539,267058,21-01-2019,12,5,2,1333,279.93,2945.93,TeleShop
614,94404065446,271648,21-01-2019,3,1,5,480,252.0,2652.0,e-Shop
615,73932997829,271944,21-01-2019,3,5,2,415,87.15,917.15,MBR
616,30591818256,269476,20-01-2019,10,6,3,768,241.92,2545.92,TeleShop
617,13280641573,271158,20-01-2019,5,3,1,1427,149.835,1576.835,Flagship store
618,52928040988,270413,20-01-2019,1,1,3,720,226.8,2386.8,TeleShop
619,52486968694,267174,20-01-2019,11,5,3,654,206.01,2168.01,e-Shop
620,47961948291,272501,20-01-2019,10,5,4,959,402.78,4238.78,e-Shop
621,24239282066,269117,20-01-2019,8,3,5,1304,684.6,7204.6,e-Shop
622,18651559499,268923,20-01-2019,5,3,4,314,131.88,1387.88,MBR
623,14363773577,271430,20-01-2019,9,3,5,1309,687.225,7232.225,MBR
624,194354511,273731,20-01-2019,7,5,4,551,231.42,2435.42,Flagship store
625,53741413904,270667,20-01-2019,1,4,3,1336,420.84,4428.84,TeleShop
626,59928033888,274208,20-01-2019,4,1,4,452,189.84,1997.84,Flagship store
627,6562859200,272924,20-01-2019,10,6,2,262,55.02,579.02,MBR
628,35061312450,273094,20-01-2019,3,5,1,1271,133.455,1404.455,MBR
629,12307763348,270470,20-01-2019,1,2,2,188,39.48,415.48,TeleShop
630,38970583901,271601,20-01-2019,4,4,3,351,110.565,1163.565,e-Shop
631,67882262574,274733,20-01-2019,4,1,2,113,23.73,249.73,MBR
632,79947059704,272795,20-01-2019,2,6,5,224,117.6,1237.6,MBR
633,66124636799,273293,20-01-2019,4,1,1,881,92.505,973.505,e-Shop
634,86063855827,271280,20-01-2019,3,1,4,733,307.86,3239.86,MBR
635,80432511156,275215,20-01-2019,3,5,-4,-1303,547.26,-5759.26,MBR
636,64609703707,275020,20-01-2019,4,3,2,285,59.85,629.85,e-Shop
637,93700052775,267439,20-01-2019,4,1,-2,-1088,228.48,-2404.48,Flagship store
638,68472393297,269372,20-01-2019,5,3,3,1168,367.92,3871.92,e-Shop
639,84075235669,266813,20-01-2019,12,6,1,939,98.595,1037.595,MBR
640,15471338299,274223,19-01-2019,10,3,4,1042,437.64,4605.64,MBR
641,31036369160,272328,19-01-2019,11,6,1,549,57.645,606.645,Flagship store
642,59743796727,268744,19-01-2019,1,4,2,1251,262.71,2764.71,e-Shop
643,12909403562,271971,19-01-2019,8,3,1,1490,156.45,1646.45,MBR
644,16935577825,267500,19-01-2019,9,3,-4,-1035,434.7,-4574.7,Flagship store
645,10870253111,270265,19-01-2019,1,1,-2,-308,64.68,-680.68,TeleShop
646,61147640427,273536,19-01-2019,12,6,5,1123,589.575,6204.575,Flagship store
647,42044278459,270221,19-01-2019,1,1,5,945,496.125,5221.125,MBR
648,35424259083,273791,19-01-2019,5,3,3,801,252.315,2655.315,MBR
649,6719597689,266975,19-01-2019,7,5,5,1386,727.65,7657.65,e-Shop
650,5292050908,268919,19-01-2019,11,5,-5,-552,289.8,-3049.8,MBR
651,13805682193,271565,19-01-2019,5,3,2,210,44.1,464.1,e-Shop
652,28181230250,268740,19-01-2019,3,5,-2,-352,73.92,-777.92,e-Shop
653,64361664826,267343,19-01-2019,6,5,4,719,301.98,3177.98,MBR
654,85168109909,267105,19-01-2019,2,6,2,813,170.73,1796.73,MBR
655,84266555223,271281,19-01-2019,2,6,1,1480,155.4,1635.4,e-Shop
656,81060188021,270740,19-01-2019,4,1,1,521,54.705,575.705,TeleShop
657,67271078642,269927,19-01-2019,6,5,2,1014,212.94,2240.94,MBR
658,95587093233,275058,19-01-2019,4,1,1,442,46.41,488.41,e-Shop
659,63867464622,267301,19-01-2019,9,3,5,998,523.95,5513.95,e-Shop
660,63353407646,268530,19-01-2019,8,3,4,386,162.12,1706.12,MBR
661,50589571177,269593,18-01-2019,1,4,5,904,474.6,4994.6,e-Shop
662,39911702084,269757,18-01-2019,7,5,1,1064,111.72,1175.72,e-Shop
663,9977531815,267001,18-01-2019,11,5,3,1414,445.41,4687.41,MBR
664,26523682313,266841,18-01-2019,3,5,3,799,251.685,2648.685,e-Shop
665,24224454143,270762,18-01-2019,5,3,2,1365,286.65,3016.65,e-Shop
666,30333785724,271833,18-01-2019,5,3,5,1411,740.775,7795.775,e-Shop
667,54108507229,270399,18-01-2019,4,2,2,838,175.98,1851.98,MBR
668,11183926745,274814,18-01-2019,10,3,5,248,130.2,1370.2,MBR
669,1025103859,267669,18-01-2019,11,5,2,333,69.93,735.93,Flagship store
670,34199782246,271036,18-01-2019,3,1,2,801,168.21,1770.21,TeleShop
671,49916924033,274991,18-01-2019,7,5,3,527,166.005,1747.005,MBR
672,38874207965,273397,18-01-2019,3,2,2,1024,215.04,2263.04,e-Shop
673,47557686385,273983,18-01-2019,11,6,4,188,78.96,830.96,e-Shop
674,41081680000,274569,18-01-2019,11,5,5,251,131.775,1386.775,e-Shop
675,6892537928,274689,18-01-2019,7,5,2,261,54.81,576.81,e-Shop
676,88630153830,269216,18-01-2019,5,3,1,474,49.77,523.77,e-Shop
677,88772483334,272423,18-01-2019,7,5,1,213,22.365,235.365,e-Shop
678,91319014001,273787,18-01-2019,5,3,-4,-815,342.3,-3602.3,e-Shop
679,80432511156,275215,18-01-2019,3,5,4,1303,547.26,5759.26,MBR
680,82125960026,270494,18-01-2019,3,1,4,1174,493.08,5189.08,TeleShop
681,66776704623,271959,18-01-2019,1,2,3,764,240.66,2532.66,MBR
682,42637991442,271357,17-01-2019,4,1,4,1412,593.04,6241.04,e-Shop
683,61071870937,270908,17-01-2019,6,5,5,1158,607.95,6397.95,TeleShop
684,3234902312,272326,17-01-2019,1,4,1,1312,137.76,1449.76,e-Shop
685,42926108570,271429,17-01-2019,10,3,4,1404,589.68,6205.68,e-Shop
686,26809253226,271101,17-01-2019,10,6,4,208,87.36,919.36,e-Shop
687,46462250705,270680,17-01-2019,11,6,1,1233,129.465,1362.465,e-Shop
688,41399935190,269763,17-01-2019,3,1,4,977,410.34,4318.34,e-Shop
689,5572283658,274239,17-01-2019,4,1,3,1458,459.27,4833.27,e-Shop
690,7674719485,270716,17-01-2019,1,4,5,1406,738.15,7768.15,TeleShop
691,45282405016,273077,17-01-2019,8,3,5,462,242.55,2552.55,Flagship store
692,12512192994,268020,17-01-2019,11,6,3,558,175.77,1849.77,Flagship store
693,629286523,272456,17-01-2019,6,5,4,714,299.88,3155.88,TeleShop
694,93700052775,267439,17-01-2019,4,1,2,1088,228.48,2404.48,Flagship store
695,66078980166,274306,17-01-2019,11,5,5,875,459.375,4834.375,Flagship store
696,81750321697,270535,17-01-2019,7,5,1,1430,150.15,1580.15,e-Shop
697,76277525364,267377,17-01-2019,10,5,5,578,303.45,3193.45,e-Shop
698,76379479713,273309,17-01-2019,10,6,3,914,287.91,3029.91,e-Shop
699,63267345434,269334,17-01-2019,4,2,3,453,142.695,1501.695,TeleShop
700,92976425176,267282,17-01-2019,12,5,-2,-817,171.57,-1805.57,e-Shop
701,77578552484,267846,17-01-2019,1,1,3,461,145.215,1528.215,TeleShop
702,91319014001,273787,17-01-2019,5,3,4,815,342.3,3602.3,e-Shop
703,80406993092,273615,17-01-2019,4,1,-1,-955,100.275,-1055.275,e-Shop
704,54554613557,274480,16-01-2019,4,2,2,718,150.78,1586.78,e-Shop
705,44984570528,269963,16-01-2019,4,4,3,1147,361.305,3802.305,Flagship store
706,22065492092,274281,16-01-2019,12,6,5,1376,722.4,7602.4,e-Shop
707,21874620803,267281,16-01-2019,1,2,3,1200,378.0,3978.0,Flagship store
708,8225949147,267978,16-01-2019,4,1,-1,-316,33.18,-349.18,Flagship store
709,36007811198,267874,16-01-2019,5,3,1,1408,147.84,1555.84,e-Shop
710,36514040706,271322,16-01-2019,6,5,3,1165,366.975,3861.975,e-Shop
711,43912377408,273881,16-01-2019,4,4,4,115,48.3,508.3,MBR
712,12253784078,267935,16-01-2019,3,2,2,1014,212.94,2240.94,e-Shop
713,3922539732,274837,16-01-2019,11,6,2,263,55.23,581.23,MBR
714,2842989888,275233,16-01-2019,11,5,3,472,148.68,1564.68,e-Shop
715,64683812611,269299,16-01-2019,10,6,-3,-441,138.915,-1461.915,MBR
716,86078338517,270181,16-01-2019,11,5,-2,-1404,294.84,-3102.84,e-Shop
717,80931940498,272951,16-01-2019,4,3,4,620,260.4,2740.4,e-Shop
718,96212995230,272993,16-01-2019,3,2,3,637,200.655,2111.655,Flagship store
719,85552282236,274221,16-01-2019,11,5,-2,-194,40.74,-428.74,e-Shop
720,91521629116,270160,16-01-2019,4,2,-2,-1118,234.78,-2470.78,e-Shop
721,89376343721,270026,16-01-2019,11,5,2,1355,284.55,2994.55,e-Shop
722,60990415403,272399,15-01-2019,4,4,-2,-581,122.01,-1284.01,Flagship store
723,62080291341,269862,15-01-2019,1,1,1,938,98.49,1036.49,e-Shop
724,57885400617,274638,15-01-2019,1,2,5,915,480.375,5055.375,e-Shop
725,47691273998,272059,15-01-2019,4,4,4,146,61.32,645.32,Flagship store
726,27831598855,268055,15-01-2019,10,3,4,633,265.86,2797.86,Flagship store
727,41866069452,274839,15-01-2019,4,3,3,1237,389.655,4100.655,Flagship store
728,59480405639,272999,15-01-2019,12,5,2,491,103.11,1085.11,Flagship store
729,26532708938,267621,15-01-2019,7,5,3,388,122.22,1286.22,e-Shop
730,28850509210,269673,15-01-2019,4,2,4,381,160.02,1684.02,MBR
731,92155531829,267927,15-01-2019,11,5,3,635,200.025,2105.025,TeleShop
732,66505751248,273429,15-01-2019,3,1,1,998,104.79,1102.79,e-Shop
733,93699055689,268514,15-01-2019,1,2,4,520,218.4,2298.4,e-Shop
734,84353897182,271381,15-01-2019,2,6,5,228,119.7,1259.7,e-Shop
735,64185871065,267905,15-01-2019,10,6,3,754,237.51,2499.51,MBR
736,87461360026,270831,15-01-2019,1,1,2,871,182.91,1924.91,Flagship store
737,86360532572,267480,15-01-2019,11,5,2,112,23.52,247.52,Flagship store
738,90687658880,274865,15-01-2019,11,5,-3,-736,231.84,-2439.84,e-Shop
739,72070772239,271100,15-01-2019,1,1,5,1160,609.0,6409.0,TeleShop
740,83397245213,274515,15-01-2019,4,3,3,868,273.42,2877.42,e-Shop
741,86420605962,271448,15-01-2019,4,4,5,191,100.275,1055.275,e-Shop
742,85210113865,266987,15-01-2019,9,3,4,1426,598.92,6302.92,MBR
743,70816637070,269980,15-01-2019,10,3,3,1077,339.255,3570.255,Flagship store
744,47374867028,273703,14-01-2019,3,2,1,601,63.105,664.105,MBR
745,59859078566,268728,14-01-2019,10,6,1,71,7.455,78.455,e-Shop
746,38702596038,274594,14-01-2019,4,4,5,815,427.875,4502.875,e-Shop
747,57857725470,273684,14-01-2019,1,1,1,434,45.57,479.57,TeleShop
748,50328039144,273716,14-01-2019,3,1,4,1368,574.56,6046.56,MBR
749,13335198152,274296,14-01-2019,6,5,4,667,280.14,2948.14,TeleShop
750,41793665212,273331,14-01-2019,1,4,4,1426,598.92,6302.92,e-Shop
751,40149315495,273526,14-01-2019,4,1,1,972,102.06,1074.06,TeleShop
752,41462540639,273135,14-01-2019,11,6,4,270,113.4,1193.4,e-Shop
753,53072509484,269952,14-01-2019,10,3,4,774,325.08,3421.08,MBR
754,26783246066,272144,14-01-2019,1,4,5,513,269.325,2834.325,e-Shop
755,50180808383,269776,14-01-2019,5,3,3,452,142.38,1498.38,Flagship store
756,29505103017,271029,14-01-2019,4,3,3,1050,330.75,3480.75,Flagship store
757,32549594895,269783,14-01-2019,1,1,1,509,53.445,562.445,e-Shop
758,26590265799,274661,14-01-2019,1,4,3,861,271.215,2854.215,Flagship store
759,10870253111,270265,14-01-2019,1,1,2,308,64.68,680.68,TeleShop
760,44208101926,274725,14-01-2019,4,3,2,282,59.22,623.22,e-Shop
761,42879420828,269637,14-01-2019,10,5,1,778,81.69,859.69,MBR
762,64683812611,269299,14-01-2019,10,6,3,441,138.915,1461.915,MBR
763,64886922103,274663,14-01-2019,1,1,4,1391,584.22,6148.22,TeleShop
764,69724469724,271352,14-01-2019,4,4,1,861,90.405,951.405,MBR
765,77140777793,267925,14-01-2019,10,6,5,163,85.575,900.575,TeleShop
766,99986751618,274814,14-01-2019,1,1,-5,-923,484.575,-5099.575,MBR
767,92976425176,267282,14-01-2019,12,5,2,817,171.57,1805.57,e-Shop
768,73475956243,274323,14-01-2019,10,6,2,1268,266.28,2802.28,Flagship store
769,91573679303,271107,14-01-2019,4,2,5,565,296.625,3121.625,TeleShop
770,67582912673,272019,14-01-2019,11,5,1,357,37.485,394.485,MBR
771,41131578212,275197,13-01-2019,7,5,5,381,200.025,2105.025,e-Shop
772,61846799058,270445,13-01-2019,1,1,4,1230,516.6,5436.6,MBR
773,10737206970,273804,13-01-2019,3,2,2,1221,256.41,2698.41,e-Shop
774,59330111261,269636,13-01-2019,8,3,4,1080,453.6,4773.6,e-Shop
775,53259113714,270873,13-01-2019,11,5,3,394,124.11,1306.11,e-Shop
776,60990415403,272399,13-01-2019,4,4,2,581,122.01,1284.01,Flagship store
777,37412347662,275075,13-01-2019,10,3,4,560,235.2,2475.2,Flagship store
778,25058305934,273123,13-01-2019,3,1,1,505,53.025,558.025,e-Shop
779,55330587213,274226,13-01-2019,7,5,-5,-1401,735.525,-7740.525,e-Shop
780,54820323318,270368,13-01-2019,1,1,3,319,100.485,1057.485,Flagship store
781,33073226379,274868,13-01-2019,4,3,4,230,96.6,1016.6,e-Shop
782,8225949147,267978,13-01-2019,4,1,1,316,33.18,349.18,Flagship store
783,69585424757,269963,13-01-2019,8,3,4,1211,508.62,5352.62,TeleShop
784,87243835584,268408,13-01-2019,7,5,5,187,98.175,1033.175,TeleShop
785,92285543328,271668,13-01-2019,2,6,4,1469,616.98,6492.98,TeleShop
786,78959301056,274518,13-01-2019,4,2,5,463,243.075,2558.075,e-Shop
787,84471719078,266799,13-01-2019,10,6,-1,-1068,112.14,-1180.14,Flagship store
788,73322840267,269449,13-01-2019,1,2,4,1089,457.38,4813.38,MBR
789,96368566430,273015,13-01-2019,3,2,5,132,69.3,729.3,e-Shop
790,95974831788,274618,13-01-2019,1,1,4,561,235.62,2479.62,Flagship store
791,65126242692,271850,13-01-2019,1,1,1,583,61.215,644.215,e-Shop
792,57985305694,272280,12/1/2019,4,2,2,925,194.25,2044.25,TeleShop
793,42161496918,267832,12/1/2019,11,5,3,1365,429.975,4524.975,TeleShop
794,52678109859,269060,12/1/2019,12,5,4,188,78.96,830.96,e-Shop
795,10896011176,269715,12/1/2019,10,5,5,253,132.825,1397.825,e-Shop
796,26462500658,271380,12/1/2019,1,4,5,1237,649.425,6834.425,TeleShop
797,28343723141,267522,12/1/2019,3,5,1,145,15.225,160.225,e-Shop
798,57779961066,274213,12/1/2019,10,6,2,1332,279.72,2943.72,MBR
799,8051800106,268021,12/1/2019,11,5,5,547,287.175,3022.175,e-Shop
800,60701947535,271233,12/1/2019,11,5,1,88,9.24,97.24,MBR
801,18719716340,267536,12/1/2019,3,5,3,1077,339.255,3570.255,Flagship store
802,41423884685,267143,12/1/2019,12,5,3,810,255.15,2685.15,TeleShop
803,16935577825,267500,12/1/2019,9,3,4,1035,434.7,4574.7,Flagship store
804,60808372174,269393,12/1/2019,5,3,5,124,65.1,685.1,TeleShop
805,19596887326,273502,12/1/2019,3,5,5,819,429.975,4524.975,Flagship store
806,19354686316,268160,12/1/2019,1,2,2,238,49.98,525.98,e-Shop
807,34530200481,274292,12/1/2019,12,6,5,73,38.325,403.325,e-Shop
808,13300797307,272662,12/1/2019,6,5,4,79,33.18,349.18,TeleShop
809,34340926624,269363,12/1/2019,2,6,1,166,17.43,183.43,Flagship store
810,21473137440,271664,12/1/2019,11,5,2,477,100.17,1054.17,Flagship store
811,76670509378,275157,12/1/2019,2,6,5,933,489.825,5154.825,Flagship store
812,72829335895,268169,12/1/2019,12,5,1,1249,131.145,1380.145,e-Shop
813,90851814330,269225,12/1/2019,12,5,5,679,356.475,3751.475,e-Shop
814,90957026283,272815,12/1/2019,12,6,4,171,71.82,755.82,e-Shop
815,67416750349,269069,12/1/2019,6,5,5,261,137.025,1442.025,Flagship store
816,74005675578,269988,12/1/2019,11,6,2,874,183.54,1931.54,MBR
817,91521629116,270160,12/1/2019,4,2,2,1118,234.78,2470.78,e-Shop
818,86598140194,274326,12/1/2019,4,2,1,521,54.705,575.705,e-Shop
819,45391436190,273748,11/1/2019,10,6,-4,-1077,452.34,-4760.34,e-Shop
820,13844622404,271302,11/1/2019,3,1,2,923,193.83,2039.83,e-Shop
821,56473034933,273234,11/1/2019,6,5,2,1186,249.06,2621.06,e-Shop
822,42529840892,272906,11/1/2019,3,2,4,1479,621.18,6537.18,e-Shop
823,4435657499,267592,11/1/2019,11,6,5,1347,707.175,7442.175,e-Shop
824,60107203818,270865,11/1/2019,9,3,1,659,69.195,728.195,TeleShop
825,5292050908,268919,11/1/2019,11,5,5,552,289.8,3049.8,MBR
826,42599881813,271232,11/1/2019,10,5,2,861,180.81,1902.81,e-Shop
827,26357119762,274718,11/1/2019,1,2,2,248,52.08,548.08,e-Shop
828,7496095927,269213,11/1/2019,10,6,2,1097,230.37,2424.37,TeleShop
829,29050775506,270226,11/1/2019,11,5,-2,-616,129.36,-1361.36,Flagship store
830,19709415491,273299,11/1/2019,4,4,4,735,308.7,3248.7,Flagship store
831,44342529860,271821,11/1/2019,10,3,4,1273,534.66,5626.66,MBR
832,99986751618,274814,11/1/2019,1,1,5,923,484.575,5099.575,MBR
833,74447094731,266827,11/1/2019,11,5,3,1495,470.925,4955.925,TeleShop
834,74588311344,269171,11/1/2019,10,6,1,273,28.665,301.665,TeleShop
835,83303329933,268904,11/1/2019,4,1,3,694,218.61,2300.61,e-Shop
836,80736583665,273698,11/1/2019,8,3,1,1485,155.925,1640.925,TeleShop
837,76071190959,269437,11/1/2019,1,4,2,1166,244.86,2576.86,TeleShop
838,77192095651,270050,11/1/2019,4,3,1,981,103.005,1084.005,MBR
839,66991700898,272410,11/1/2019,3,1,5,1391,730.275,7685.275,TeleShop
840,20715633549,272243,10/1/2019,6,5,5,1180,619.5,6519.5,Flagship store
841,26909699264,268968,10/1/2019,3,2,5,552,289.8,3049.8,e-Shop
842,32703672193,272264,10/1/2019,2,6,5,1447,759.675,7994.675,e-Shop
843,27261176770,274268,10/1/2019,3,2,1,477,50.085,527.085,Flagship store
844,28181230250,268740,10/1/2019,3,5,2,352,73.92,777.92,e-Shop
845,20603779371,272077,10/1/2019,3,1,1,955,100.275,1055.275,Flagship store
846,5899993103,273917,10/1/2019,2,6,4,435,182.7,1922.7,e-Shop
847,47580651155,270092,10/1/2019,2,6,1,559,58.695,617.695,Flagship store
848,19100868419,267938,10/1/2019,2,6,2,638,133.98,1409.98,Flagship store
849,57873734304,268951,10/1/2019,2,6,2,879,184.59,1942.59,e-Shop
850,33939401473,274948,10/1/2019,4,1,5,976,512.4,5392.4,e-Shop
851,34807753571,269996,10/1/2019,10,3,1,421,44.205,465.205,TeleShop
852,20187377109,268569,10/1/2019,10,5,1,345,36.225,381.225,TeleShop
853,36846676725,270026,10/1/2019,1,4,-5,-309,162.225,-1707.225,TeleShop
854,24085011754,270360,10/1/2019,4,2,4,1384,581.28,6117.28,Flagship store
855,12010641529,271045,10/1/2019,12,5,3,1284,404.46,4256.46,TeleShop
856,80406993092,273615,10/1/2019,4,1,-1,-955,100.275,-1055.275,e-Shop
857,89740509952,273799,10/1/2019,11,6,5,1157,607.425,6392.425,e-Shop
858,65549818407,272514,10/1/2019,11,5,3,692,217.98,2293.98,TeleShop
859,85552282236,274221,10/1/2019,11,5,2,194,40.74,428.74,e-Shop
860,97302834901,275163,10/1/2019,10,6,2,72,15.12,159.12,Flagship store
861,65006544849,268046,10/1/2019,2,6,3,1197,377.055,3968.055,e-Shop
862,87070840233,272702,10/1/2019,3,5,4,1453,610.26,6422.26,MBR
863,94050416364,271729,10/1/2019,6,5,3,519,163.485,1720.485,e-Shop
864,8171718447,266966,9/1/2019,6,5,2,1318,276.78,2912.78,MBR
865,56340697061,267667,9/1/2019,11,6,-5,-836,438.9,-4618.9,e-Shop
866,45877126217,267781,9/1/2019,5,3,2,1364,286.44,3014.44,Flagship store
867,5462718143,269664,9/1/2019,1,1,2,1448,304.08,3200.08,e-Shop
868,4996075909,268386,9/1/2019,12,6,2,324,68.04,716.04,e-Shop
869,19902456375,267511,9/1/2019,10,3,3,241,75.915,798.915,TeleShop
870,19411679647,272711,9/1/2019,10,3,4,975,409.5,4309.5,TeleShop
871,20904693730,274521,9/1/2019,1,2,4,330,138.6,1458.6,MBR
872,27488059621,273546,9/1/2019,10,5,3,1253,394.695,4153.695,e-Shop
873,23288156542,274778,9/1/2019,6,5,-2,-492,103.32,-1087.32,TeleShop
874,29050775506,270226,9/1/2019,11,5,2,616,129.36,1361.36,Flagship store
875,63749791262,270262,9/1/2019,8,3,2,1342,281.82,2965.82,MBR
876,74570363510,268090,9/1/2019,3,1,2,1450,304.5,3204.5,MBR
877,71802405431,274099,9/1/2019,1,1,4,293,123.06,1295.06,e-Shop
878,84471719078,266799,9/1/2019,10,6,1,1068,112.14,1180.14,Flagship store
879,91039584326,272165,9/1/2019,10,5,-1,-1268,133.14,-1401.14,e-Shop
880,70500078533,272869,9/1/2019,3,1,2,1301,273.21,2875.21,MBR
881,94106922862,267265,9/1/2019,5,3,5,303,159.075,1674.075,MBR
882,86078338517,270181,9/1/2019,11,5,2,1404,294.84,3102.84,e-Shop
883,30629366844,272028,8/1/2019,7,5,4,256,107.52,1131.52,Flagship store
884,36846676725,270026,8/1/2019,1,4,5,309,162.225,1707.225,TeleShop
885,55385443376,269300,8/1/2019,4,3,3,1126,354.69,3732.69,e-Shop
886,40932345719,267344,8/1/2019,10,3,4,793,333.06,3505.06,TeleShop
887,50673843380,269228,8/1/2019,4,1,1,1013,106.365,1119.365,TeleShop
888,45862590549,272228,8/1/2019,1,1,5,534,280.35,2950.35,TeleShop
889,926941138,272200,8/1/2019,10,6,1,613,64.365,677.365,e-Shop
890,53184255339,268489,8/1/2019,1,1,4,819,343.98,3619.98,Flagship store
891,54035965707,268727,8/1/2019,11,6,2,509,106.89,1124.89,MBR
892,3805002881,267631,8/1/2019,12,6,1,1312,137.76,1449.76,Flagship store
893,41158801039,272900,8/1/2019,7,5,5,766,402.15,4232.15,TeleShop
894,4193024484,273220,8/1/2019,1,4,4,427,179.34,1887.34,MBR
895,53245167621,273928,8/1/2019,3,1,4,270,113.4,1193.4,TeleShop
896,48660589294,274767,8/1/2019,12,5,-1,-762,80.01,-842.01,MBR
897,6633562741,266911,8/1/2019,3,2,3,1011,318.465,3351.465,TeleShop
898,62922048871,270766,8/1/2019,10,5,3,257,80.955,851.955,MBR
899,5433639198,272783,8/1/2019,12,5,5,543,285.075,3000.075,TeleShop
900,90687658880,274865,8/1/2019,11,5,3,736,231.84,2439.84,e-Shop
901,70003642399,274789,8/1/2019,1,1,1,1241,130.305,1371.305,TeleShop
902,89897942683,273156,8/1/2019,1,1,5,1184,621.6,6541.6,e-Shop
903,89990722549,274792,8/1/2019,11,5,3,1422,447.93,4713.93,TeleShop
904,85547998310,268996,8/1/2019,7,5,5,845,443.625,4668.625,Flagship store
905,81062245899,269894,8/1/2019,10,5,3,1068,336.42,3540.42,e-Shop
906,99682489636,268097,8/1/2019,3,5,2,866,181.86,1913.86,Flagship store
907,21135674498,270427,7/1/2019,11,5,3,1162,366.03,3852.03,e-Shop
908,62534546479,268497,7/1/2019,4,1,2,555,116.55,1226.55,Flagship store
909,29147054949,275082,7/1/2019,8,3,4,1044,438.48,4614.48,Flagship store
910,56340697061,267667,7/1/2019,11,6,5,836,438.9,4618.9,e-Shop
911,51322842516,271810,7/1/2019,4,1,2,143,30.03,316.03,e-Shop
912,50098034856,267666,7/1/2019,12,6,5,591,310.275,3265.275,e-Shop
913,55330587213,274226,7/1/2019,7,5,5,1401,735.525,7740.525,e-Shop
914,24138250392,267379,7/1/2019,10,5,2,1015,213.15,2243.15,MBR
915,3076696316,274963,7/1/2019,4,1,2,1479,310.59,3268.59,e-Shop
916,12881246484,267106,7/1/2019,1,4,5,1184,621.6,6541.6,MBR
917,41597338201,272928,7/1/2019,1,2,4,1308,549.36,5781.36,TeleShop
918,38712705363,273973,7/1/2019,8,3,1,526,55.23,581.23,TeleShop
919,5584973008,268366,7/1/2019,6,5,5,379,198.975,2093.975,e-Shop
920,36997591693,271927,7/1/2019,2,6,2,538,112.98,1188.98,e-Shop
921,80406993092,273615,7/1/2019,4,1,1,955,100.275,1055.275,e-Shop
922,76872096992,269902,7/1/2019,6,5,4,207,86.94,914.94,Flagship store
923,67262335598,271722,7/1/2019,8,3,1,1414,148.47,1562.47,Flagship store
924,95164687008,273354,7/1/2019,1,1,4,1384,581.28,6117.28,TeleShop
925,96249229495,271166,7/1/2019,3,5,2,101,21.21,223.21,TeleShop
926,66854032651,273570,7/1/2019,1,2,-3,-896,282.24,-2970.24,MBR
927,64027031365,271406,7/1/2019,9,3,4,1011,424.62,4468.62,e-Shop
928,74634203248,274243,7/1/2019,4,3,4,1014,425.88,4481.88,TeleShop
929,90027771251,273237,7/1/2019,5,3,3,941,296.415,3119.415,e-Shop
930,70860726874,271749,7/1/2019,4,4,1,1056,110.88,1166.88,MBR
931,23208198450,270749,6/1/2019,1,1,4,847,355.74,3743.74,MBR
932,2428088317,272133,6/1/2019,3,5,4,1336,561.12,5905.12,e-Shop
933,54391762918,271692,6/1/2019,9,3,3,967,304.605,3205.605,TeleShop
934,49224164567,270074,6/1/2019,3,1,4,1004,421.68,4437.68,TeleShop
935,35526434599,269299,6/1/2019,10,6,2,1308,274.68,2890.68,e-Shop
936,4781157690,272889,6/1/2019,3,5,5,927,486.675,5121.675,e-Shop
937,1720546734,270628,6/1/2019,4,2,3,507,159.705,1680.705,e-Shop
938,38555542810,269935,6/1/2019,9,3,2,189,39.69,417.69,e-Shop
939,90229930537,267749,6/1/2019,10,5,-5,-1423,747.075,-7862.075,e-Shop
940,82155565127,268910,6/1/2019,12,5,2,1064,223.44,2351.44,MBR
941,94122805702,268346,6/1/2019,11,5,5,1031,541.275,5696.275,e-Shop
942,95683597518,274832,6/1/2019,2,6,-2,-276,57.96,-609.96,e-Shop
943,31304864481,273692,5/1/2019,10,3,4,1198,503.16,5295.16,e-Shop
944,12334452791,269003,5/1/2019,4,3,-1,-920,96.6,-1016.6,e-Shop
945,10685793437,272465,5/1/2019,6,5,1,88,9.24,97.24,e-Shop
946,8113230766,267316,5/1/2019,12,6,3,1163,366.345,3855.345,e-Shop
947,28696753858,270695,5/1/2019,11,5,-1,-704,73.92,-777.92,TeleShop
948,11125206171,273325,5/1/2019,12,6,1,1196,125.58,1321.58,Flagship store
949,29498204760,271189,5/1/2019,4,4,3,1365,429.975,4524.975,e-Shop
950,34584760666,274052,5/1/2019,4,1,1,769,80.745,849.745,TeleShop
951,964154706,274927,5/1/2019,3,1,2,408,85.68,901.68,TeleShop
952,11524153958,270407,5/1/2019,8,3,2,500,105.0,1105.0,e-Shop
953,99318505571,270706,5/1/2019,3,5,-5,-1161,609.525,-6414.525,TeleShop
954,87978546754,268562,5/1/2019,7,5,3,1031,324.765,3417.765,TeleShop
955,66820651986,274844,5/1/2019,10,5,4,1121,470.82,4954.82,TeleShop
956,66854032651,273570,5/1/2019,1,2,3,896,282.24,2970.24,MBR
957,78998194710,267425,5/1/2019,8,3,4,1018,427.56,4499.56,Flagship store
958,85999997061,270867,5/1/2019,11,5,4,82,34.44,362.44,e-Shop
959,79025894902,272317,5/1/2019,10,5,-3,-1095,344.925,-3629.925,e-Shop
960,73430588249,268288,5/1/2019,3,1,1,1147,120.435,1267.435,e-Shop
961,69859877223,273486,5/1/2019,5,3,3,1288,405.72,4269.72,e-Shop
962,85066937197,269171,5/1/2019,1,4,3,1378,434.07,4568.07,TeleShop
963,91259941023,271674,5/1/2019,6,5,1,319,33.495,352.495,e-Shop
964,64568459286,275181,5/1/2019,3,1,3,564,177.66,1869.66,e-Shop
965,81569100771,275037,5/1/2019,3,1,5,621,326.025,3431.025,Flagship store
966,39218854635,272292,4/1/2019,8,3,2,1433,300.93,3166.93,TeleShop
967,58027314425,272744,4/1/2019,4,2,5,1394,731.85,7701.85,Flagship store
968,51221938710,269236,4/1/2019,11,6,4,142,59.64,627.64,Flagship store
969,15099368102,270378,4/1/2019,11,6,2,1409,295.89,3113.89,MBR
970,11680723781,268916,4/1/2019,1,4,4,1126,472.92,4976.92,TeleShop
971,48216532679,272975,4/1/2019,4,4,4,429,180.18,1896.18,Flagship store
972,18331140958,267379,4/1/2019,7,5,-1,-842,88.41,-930.41,TeleShop
973,35762428721,269020,4/1/2019,9,3,-1,-798,83.79,-881.79,e-Shop
974,45539784948,270320,4/1/2019,4,4,2,922,193.62,2037.62,e-Shop
975,80437298259,274360,4/1/2019,1,1,-4,-600,252.0,-2652.0,e-Shop
976,82213567288,270087,4/1/2019,11,6,5,1499,786.975,8281.975,e-Shop
977,94606746845,269361,4/1/2019,3,5,3,1342,422.73,4448.73,TeleShop
978,96601072140,270400,4/1/2019,1,2,3,121,38.115,401.115,e-Shop
979,87412768868,275092,4/1/2019,11,6,4,1053,442.26,4654.26,e-Shop
980,78998671169,270907,4/1/2019,6,5,1,1049,110.145,1159.145,MBR
981,9249643508,270322,3/1/2019,10,5,1,583,61.215,644.215,e-Shop
982,45391436190,273748,3/1/2019,10,6,4,1077,452.34,4760.34,e-Shop
983,20861584370,267807,3/1/2019,1,4,3,1131,356.265,3749.265,Flagship store
984,14302941720,273058,3/1/2019,1,2,-1,-674,70.77,-744.77,e-Shop
985,35197032510,272375,3/1/2019,3,1,4,863,362.46,3814.46,e-Shop
986,23288156542,274778,3/1/2019,6,5,2,492,103.32,1087.32,TeleShop
987,18062786609,267864,3/1/2019,7,5,3,623,196.245,2065.245,MBR
988,52044631925,272998,3/1/2019,9,3,1,304,31.92,335.92,e-Shop
989,47023762109,267004,3/1/2019,2,6,5,1187,623.175,6558.175,e-Shop
990,23637349107,273355,3/1/2019,10,5,3,217,68.355,719.355,e-Shop
991,48660589294,274767,3/1/2019,12,5,-1,-762,80.01,-842.01,MBR
992,53059402651,267721,3/1/2019,4,3,2,144,30.24,318.24,TeleShop
993,20457562627,267468,3/1/2019,3,5,-2,-663,139.23,-1465.23,e-Shop
994,14752843941,272209,3/1/2019,2,6,2,658,138.18,1454.18,e-Shop
995,43792892123,269007,3/1/2019,7,5,4,1018,427.56,4499.56,e-Shop
996,1856411704,269703,3/1/2019,1,4,1,855,89.775,944.775,MBR
997,11678613802,267750,3/1/2019,11,6,-5,-1235,648.375,-6823.375,e-Shop
998,63096895453,270519,3/1/2019,3,1,1,324,34.02,358.02,Flagship store
999,45339814259,273861,3/1/2019,3,2,2,988,207.48,2183.48,e-Shop
1000,97885514792,271152,3/1/2019,11,5,4,384,161.28,1697.28,e-Shop
1001,80592732318,270059,3/1/2019,7,5,-3,-932,293.58,-3089.58,Flagship store
1002,85804347285,271724,3/1/2019,4,3,4,673,282.66,2974.66,e-Shop
1003,85302608197,266841,3/1/2019,1,1,4,1142,479.64,5047.64,Flagship store
1004,90051478867,271888,3/1/2019,4,4,3,1129,355.635,3742.635,e-Shop
1005,95683597518,274832,3/1/2019,2,6,2,276,57.96,609.96,e-Shop
1006,82830918441,270619,3/1/2019,1,2,1,817,85.785,902.785,e-Shop
1007,92052844391,267263,3/1/2019,4,4,2,523,109.83,1155.83,MBR
1008,77459026352,270447,3/1/2019,12,6,5,909,477.225,5022.225,e-Shop
1009,77232232822,273564,3/1/2019,3,5,3,436,137.34,1445.34,e-Shop
1010,7963919490,273350,2/1/2019,3,2,5,498,261.45,2751.45,MBR
1011,32495284686,269568,2/1/2019,9,3,5,1446,759.15,7989.15,Flagship store
1012,56969409360,271679,2/1/2019,4,3,2,1062,223.02,2347.02,e-Shop
1013,32899104170,270064,2/1/2019,2,6,3,802,252.63,2658.63,TeleShop
1014,283737262,266831,2/1/2019,7,5,4,286,120.12,1264.12,TeleShop
1015,26408242649,267840,2/1/2019,7,5,3,957,301.455,3172.455,Flagship store
1016,11822669972,267613,2/1/2019,8,3,4,273,114.66,1206.66,TeleShop
1017,18331140958,267379,2/1/2019,7,5,1,842,88.41,930.41,TeleShop
1018,42716608640,271200,2/1/2019,11,5,2,1091,229.11,2411.11,MBR
1019,37193313716,269083,2/1/2019,10,6,4,1052,441.84,4649.84,TeleShop
1020,42657331818,274644,2/1/2019,9,3,3,137,43.155,454.155,e-Shop
1021,39628393605,271655,2/1/2019,12,5,5,864,453.6,4773.6,Flagship store
1022,41632170252,270066,2/1/2019,9,3,1,1389,145.845,1534.845,e-Shop
1023,14302941720,273058,2/1/2019,1,2,1,674,70.77,744.77,e-Shop
1024,46129128420,268627,2/1/2019,4,1,3,515,162.225,1707.225,e-Shop
1025,32125935023,272067,2/1/2019,10,3,5,1211,635.775,6690.775,e-Shop
1026,50346649770,270616,2/1/2019,4,2,2,977,205.17,2159.17,MBR
1027,19642864934,272070,2/1/2019,4,3,1,217,22.785,239.785,e-Shop
1028,90229930537,267749,2/1/2019,10,5,5,1423,747.075,7862.075,e-Shop
1029,91039584326,272165,2/1/2019,10,5,1,1268,133.14,1401.14,e-Shop
1030,93106566800,271656,2/1/2019,3,5,3,75,23.625,248.625,e-Shop
1031,77111633383,269439,2/1/2019,3,5,1,1330,139.65,1469.65,e-Shop
1032,96958532583,267661,2/1/2019,12,6,2,1283,269.43,2835.43,e-Shop
1033,74554844037,269329,2/1/2019,11,6,5,742,389.55,4099.55,e-Shop
1034,57179793302,274511,1/1/2019,5,3,1,290,30.45,320.45,Flagship store
1035,40429129896,272598,1/1/2019,12,5,2,1149,241.29,2539.29,MBR
1036,20457562627,267468,1/1/2019,3,5,2,663,139.23,1465.23,e-Shop
1037,49436863184,271428,1/1/2019,11,6,1,548,57.54,605.54,MBR
1038,789912743,274000,1/1/2019,10,5,2,295,61.95,651.95,e-Shop
1039,53090811951,273659,1/1/2019,4,3,1,90,9.45,99.45,TeleShop
1040,16531038014,273230,1/1/2019,1,1,-4,-505,212.1,-2232.1,MBR
1041,18972312403,272462,1/1/2019,9,3,2,1014,212.94,2240.94,MBR
1042,50332885654,270347,1/1/2019,6,5,5,1317,691.425,7276.425,e-Shop
1043,47595213714,275159,1/1/2019,2,6,5,554,290.85,3060.85,e-Shop
1044,35762428721,269020,1/1/2019,9,3,1,798,83.79,881.79,e-Shop
1045,26412890125,269365,1/1/2019,3,1,1,167,17.535,184.535,TeleShop
1046,28696753858,270695,1/1/2019,11,5,1,704,73.92,777.92,TeleShop
1047,12736066714,274266,1/1/2019,10,6,3,1388,437.22,4601.22,MBR
1048,14460826915,269348,1/1/2019,11,6,3,84,26.46,278.46,MBR
1049,22308679379,267929,1/1/2019,10,5,3,653,205.695,2164.695,e-Shop
1050,18104590837,267959,1/1/2019,12,6,-4,-787,330.54,-3478.54,MBR
1051,32889219128,269536,1/1/2019,10,5,5,1423,747.075,7862.075,e-Shop
1052,56243724107,273436,1/1/2019,1,1,2,329,69.09,727.09,TeleShop
1053,15628060316,273879,1/1/2019,12,6,1,132,13.86,145.86,e-Shop
1054,42711619809,271701,1/1/2019,1,2,5,336,176.4,1856.4,MBR
1055,9835488096,273310,1/1/2019,11,5,3,177,55.755,586.755,TeleShop
1056,45967608403,268894,1/1/2019,1,1,4,798,335.16,3527.16,e-Shop
1057,99318505571,270706,1/1/2019,3,5,5,1161,609.525,6414.525,TeleShop
1058,90157932848,269420,1/1/2019,12,6,2,858,180.18,1896.18,Flagship store
1059,67088172893,271877,1/1/2019,1,1,1,902,94.71,996.71,e-Shop
1060,69378805450,273472,1/1/2019,1,2,1,1242,130.41,1372.41,e-Shop
1061,63635040022,268886,1/1/2019,3,2,5,652,342.3,3602.3,e-Shop
1062,71241456072,268863,1/1/2019,3,5,2,462,97.02,1021.02,Flagship store
1063,69368153122,273627,1/1/2019,7,5,3,311,97.965,1030.965,TeleShop
1064,96680280518,267832,1/1/2019,1,4,5,1462,767.55,8077.55,e-Shop
